Date,Open,High,Low,Close,Volume,Dividends,Stock Splits
2012-05-15,6.07,6.07,6.07,6.07,0,0.0,0
2012-05-16,6.07,6.07,6.07,6.07,0,0.0,0
2012-05-17,6.07,6.07,6.07,6.07,0,0.0,0
2012-05-18,6.07,6.07,6.07,6.07,0,0.0,0
2012-05-21,6.07,6.07,6.07,6.07,0,0.0,0
2012-05-22,6.07,6.07,6.07,6.07,0,0.0,0
2012-05-23,6.07,6.07,6.07,6.07,0,0.0,0
2012-05-24,6.07,6.07,6.07,6.07,0,0.0,0
2012-05-25,6.07,6.07,6.07,6.07,0,0.0,0
2012-05-29,6.07,6.07,6.07,6.07,0,0.0,0
2012-05-30,6.07,6.07,6.07,6.07,0,0.0,0
2012-05-31,6.07,6.07,6.07,6.07,0,0.0,0
2012-06-01,6.07,6.07,6.07,6.07,0,0.0,0
2012-06-04,6.07,6.07,6.07,6.07,0,0.0,0
2012-06-05,6.07,6.07,6.07,6.07,0,0.0,0
2012-06-06,6.07,6.07,6.07,6.07,0,0.0,0
2012-06-07,5.83,5.83,5.83,5.83,1900,0.0,0
2012-06-08,5.83,5.83,5.83,5.83,0,0.0,0
2012-06-11,5.83,5.83,5.83,5.83,0,0.0,0
2012-06-12,5.83,5.83,5.83,5.83,0,0.0,0
2012-06-13,5.83,5.83,5.83,5.83,0,0.0,0
2012-06-14,5.83,5.83,5.83,5.83,0,0.0,0
2012-06-15,5.83,5.83,5.83,5.83,0,0.0,0
2012-06-18,5.83,5.83,5.83,5.83,0,0.0,0
2012-06-19,5.83,5.83,5.83,5.83,0,0.0,0
2012-06-20,5.83,5.83,5.83,5.83,0,0.0,0
2012-06-21,5.83,5.83,5.83,5.83,0,0.0,0
2012-06-22,5.83,5.83,5.83,5.83,0,0.0,0
2012-06-25,5.83,5.83,5.83,5.83,0,0.0,0
2012-06-26,5.83,5.83,5.83,5.83,0,0.0,0
2012-06-27,5.83,5.83,5.83,5.83,0,0.0,0
2012-06-28,5.83,5.83,5.83,5.83,0,0.0,0
2012-06-29,5.83,5.83,5.83,5.83,0,0.0,0
2012-07-02,5.83,5.83,5.83,5.83,0,0.0,0
2012-07-03,5.83,5.83,5.83,5.83,0,0.0,0
2012-07-05,5.83,5.83,5.83,5.83,0,0.0,0
2012-07-06,5.83,5.83,5.83,5.83,0,0.0,0
2012-07-09,5.83,5.83,5.83,5.83,0,0.0,0
2012-07-10,5.83,5.83,5.83,5.83,0,0.0,0
2012-07-11,5.83,5.83,5.83,5.83,0,0.0,0
2012-07-12,5.83,5.83,5.83,5.83,0,0.0,0
2012-07-13,5.83,5.83,5.83,5.83,0,0.0,0
2012-07-16,5.83,5.83,5.83,5.83,0,0.0,0
2012-07-17,5.83,5.83,5.83,5.83,0,0.0,0
2012-07-18,5.83,5.83,5.83,5.83,0,0.0,0
2012-07-19,5.83,5.83,5.83,5.83,0,0.0,0
2012-07-20,5.83,5.83,5.83,5.83,0,0.0,0
2012-07-23,5.83,5.83,5.83,5.83,0,0.0,0
2012-07-24,5.83,5.83,5.83,5.83,0,0.0,0
2012-07-25,5.83,5.83,5.83,5.83,0,0.0,0
2012-07-26,5.83,5.83,5.83,5.83,0,0.0,0
2012-07-27,5.83,5.83,5.83,5.83,0,0.0,0
2012-07-30,5.83,5.83,5.83,5.83,0,0.0,0
2012-07-31,5.83,5.83,5.83,5.83,0,0.0,0
2012-08-01,5.83,5.83,5.83,5.83,0,0.0,0
2012-08-02,5.83,5.83,5.83,5.83,0,0.0,0
2012-08-03,5.83,5.83,5.83,5.83,0,0.0,0
2012-08-06,5.83,5.83,5.83,5.83,0,0.0,0
2012-08-07,5.83,5.83,5.83,5.83,0,0.0,0
2012-08-08,5.83,5.83,5.83,5.83,0,0.0,0
2012-08-09,5.83,5.83,5.83,5.83,0,0.0,0
2012-08-10,5.83,5.83,5.83,5.83,0,0.0,0
2012-08-13,5.83,5.83,5.83,5.83,0,0.0,0
2012-08-14,5.83,5.83,5.83,5.83,0,0.0,0
2012-08-15,5.83,5.83,5.83,5.83,0,0.0,0
2012-08-16,5.83,5.83,5.83,5.83,0,0.0,0
2012-08-17,6.15,6.15,6.15,6.15,1000,0.0,0
2012-08-20,6.15,6.15,6.15,6.15,0,0.0,0
2012-08-21,6.15,6.15,6.15,6.15,0,0.0,0
2012-08-22,6.15,6.15,6.15,6.15,0,0.0,0
2012-08-23,6.1,6.1,6.1,6.1,500,0.0,0
2012-08-24,6.1,6.1,6.1,6.1,0,0.0,0
2012-08-27,6.1,6.1,6.1,6.1,0,0.0,0
2012-08-28,5.95,5.95,5.95,5.95,600,0.0,0
2012-08-29,5.95,5.95,5.95,5.95,0,0.0,0
2012-08-30,5.95,5.95,5.95,5.95,0,0.0,0
2012-08-31,5.95,5.95,5.95,5.95,0,0.0,0
2012-09-04,5.95,5.95,5.95,5.95,0,0.0,0
2012-09-05,5.95,5.95,5.95,5.95,0,0.0,0
2012-09-06,5.95,5.95,5.95,5.95,0,0.0,0
2012-09-07,5.95,5.95,5.95,5.95,0,0.0,0
2012-09-10,5.95,5.95,5.95,5.95,0,0.0,0
2012-09-11,5.95,5.95,5.95,5.95,0,0.0,0
2012-09-12,5.95,5.95,5.95,5.95,0,0.0,0
2012-09-13,5.95,5.95,5.95,5.95,0,0.0,0
2012-09-14,5.95,5.95,5.95,5.95,0,0.0,0
2012-09-17,5.95,5.95,5.95,5.95,0,0.0,0
2012-09-18,5.95,5.95,5.95,5.95,0,0.0,0
2012-09-19,5.95,5.95,5.95,5.95,0,0.0,0
2012-09-20,5.95,5.95,5.95,5.95,0,0.0,0
2012-09-21,5.95,5.95,5.95,5.95,0,0.0,0
2012-09-24,5.95,5.95,5.95,5.95,0,0.0,0
2012-09-25,5.95,5.95,5.95,5.95,0,0.0,0
2012-09-26,5.95,5.95,5.95,5.95,0,0.0,0
2012-09-27,5.95,5.95,5.95,5.95,0,0.0,0
2012-09-28,5.95,5.95,5.95,5.95,0,0.0,0
2012-10-01,5.95,5.95,5.95,5.95,0,0.0,0
2012-10-02,5.95,5.95,5.95,5.95,0,0.0,0
2012-10-03,5.95,5.95,5.95,5.95,0,0.0,0
2012-10-04,5.95,5.95,5.95,5.95,0,0.0,0
2012-10-05,5.95,5.95,5.95,5.95,0,0.0,0
2012-10-08,5.95,5.95,5.95,5.95,0,0.0,0
2012-10-09,5.95,5.95,5.95,5.95,0,0.0,0
2012-10-10,5.95,5.95,5.95,5.95,0,0.0,0
2012-10-11,5.95,5.95,5.95,5.95,0,0.0,0
2012-10-12,5.95,5.95,5.95,5.95,0,0.0,0
2012-10-15,6.26,6.26,6.26,6.26,10000,0.0,0
2012-10-16,6.26,6.26,6.26,6.26,0,0.0,0
2012-10-17,6.26,6.26,6.26,6.26,0,0.0,0
2012-10-18,6.26,6.26,6.26,6.26,0,0.0,0
2012-10-19,6.26,6.26,6.26,6.26,0,0.0,0
2012-10-22,6.26,6.26,6.26,6.26,0,0.0,0
2012-10-23,6.26,6.26,6.26,6.26,0,0.0,0
2012-10-24,6.26,6.26,6.26,6.26,0,0.0,0
2012-10-25,6.26,6.26,6.26,6.26,0,0.0,0
2012-10-26,6.26,6.26,6.26,6.26,0,0.0,0
2012-10-31,6.26,6.26,6.26,6.26,0,0.0,0
2012-11-01,6.23,6.23,6.23,6.23,5000,0.0,0
2012-11-02,6.23,6.23,6.23,6.23,0,0.0,0
2012-11-05,6.23,6.23,6.23,6.23,0,0.0,0
2012-11-06,6.23,6.23,6.23,6.23,0,0.0,0
2012-11-07,6.23,6.23,6.23,6.23,0,0.0,0
2012-11-08,6.23,6.23,6.23,6.23,0,0.0,0
2012-11-09,6.23,6.23,6.23,6.23,0,0.0,0
2012-11-12,6.23,6.23,6.23,6.23,0,0.0,0
2012-11-13,6.23,6.23,6.23,6.23,0,0.0,0
2012-11-14,6.23,6.23,6.23,6.23,0,0.0,0
2012-11-15,6.23,6.23,6.23,6.23,0,0.0,0
2012-11-16,6.23,6.23,6.23,6.23,0,0.0,0
2012-11-19,6.23,6.23,6.23,6.23,0,0.0,0
2012-11-20,6.23,6.23,6.23,6.23,0,0.0,0
2012-11-21,6.23,6.23,6.23,6.23,12800,0.0,0
2012-11-23,6.23,6.23,6.23,6.23,0,0.0,0
2012-11-26,6.23,6.23,6.23,6.23,0,0.0,0
2012-11-27,6.43,6.43,6.43,6.43,2100,0.0,0
2012-11-28,6.43,6.43,6.43,6.43,0,0.0,0
2012-11-29,6.43,6.43,6.43,6.43,0,0.0,0
2012-11-30,6.46,6.46,6.46,6.46,200,0.0,0
2012-12-03,6.46,6.46,6.46,6.46,0,0.0,0
2012-12-04,6.46,6.46,6.46,6.46,0,0.0,0
2012-12-05,6.46,6.46,6.46,6.46,0,0.0,0
2012-12-06,6.46,6.46,6.46,6.46,0,0.0,0
2012-12-07,6.46,6.46,6.46,6.46,0,0.0,0
2012-12-10,6.46,6.46,6.46,6.46,0,0.0,0
2012-12-11,6.46,6.46,6.46,6.46,0,0.0,0
2012-12-12,6.46,6.46,6.46,6.46,0,0.0,0
2012-12-13,6.46,6.46,6.46,6.46,0,0.0,0
2012-12-14,6.46,6.46,6.46,6.46,0,0.0,0
2012-12-17,6.46,6.46,6.46,6.46,0,0.0,0
2012-12-18,6.6,6.6,6.6,6.6,200,0.0,0
2012-12-19,6.6,6.6,6.6,6.6,0,0.0,0
2012-12-20,6.6,6.6,6.6,6.6,0,0.0,0
2012-12-21,6.6,6.6,6.6,6.6,0,0.0,0
2012-12-24,6.6,6.6,6.6,6.6,0,0.0,0
2012-12-26,6.6,6.6,6.6,6.6,0,0.0,0
2012-12-27,6.6,6.6,6.6,6.6,0,0.0,0
2012-12-28,6.6,6.6,6.6,6.6,0,0.0,0
2012-12-31,6.6,6.6,6.6,6.6,0,0.0,0
2013-01-02,6.6,6.6,6.6,6.6,0,0.0,0
2013-01-03,6.6,6.6,6.6,6.6,0,0.0,0
2013-01-04,6.6,6.6,6.6,6.6,0,0.0,0
2013-01-07,6.82,6.82,6.82,6.82,200,0.0,0
2013-01-08,6.82,6.82,6.82,6.82,0,0.0,0
2013-01-09,6.82,6.82,6.82,6.82,0,0.0,0
2013-01-10,6.82,6.82,6.82,6.82,0,0.0,0
2013-01-11,6.82,6.82,6.82,6.82,0,0.0,0
2013-01-14,6.82,6.82,6.82,6.82,0,0.0,0
2013-01-15,7.15,7.15,7.15,7.15,3000,0.0,0
2013-01-16,7.21,7.21,7.21,7.21,6200,0.0,0
2013-01-17,7.21,7.21,7.21,7.21,0,0.0,0
2013-01-18,7.21,7.21,7.21,7.21,0,0.0,0
2013-01-22,7.21,7.21,7.21,7.21,0,0.0,0
2013-01-23,6.97,6.97,6.97,6.97,122300,0.0,0
2013-01-24,6.97,6.97,6.97,6.97,0,0.0,0
2013-01-25,6.9,6.9,6.9,6.9,200,0.0,0
2013-01-28,6.88,6.88,6.88,6.88,600,0.0,0
2013-01-29,6.99,6.99,6.99,6.99,300,0.0,0
2013-01-30,6.99,6.99,6.99,6.99,0,0.0,0
2013-01-31,6.97,6.97,6.97,6.97,200,0.0,0
2013-02-01,6.97,6.97,6.97,6.97,0,0.0,0
2013-02-04,6.97,6.97,6.97,6.97,0,0.0,0
2013-02-05,6.97,7.01,6.97,7.01,1500,0.0,0
2013-02-06,7.08,7.09,7.08,7.09,500,0.0,0
2013-02-07,7.09,7.09,7.09,7.09,0,0.0,0
2013-02-08,7.09,7.09,7.09,7.09,0,0.0,0
2013-02-11,7.12,7.12,7.12,7.12,700,0.0,0
2013-02-12,7.12,7.12,7.12,7.12,0,0.0,0
2013-02-13,7.49,7.49,7.49,7.49,1300,0.0,0
2013-02-14,7.49,7.49,7.49,7.49,0,0.0,0
2013-02-15,7.49,7.49,7.49,7.49,0,0.0,0
2013-02-19,7.41,7.41,7.41,7.41,10000,0.0,0
2013-02-20,7.91,7.91,7.91,7.91,500,0.0,0
2013-02-21,7.56,7.56,7.56,7.56,200,0.0,0
2013-02-22,7.56,7.56,7.56,7.56,0,0.0,0
2013-02-25,7.57,7.57,7.57,7.57,400,0.0,0
2013-02-26,7.4,7.49,7.36,7.49,1300,0.0,0
2013-02-27,7.53,7.53,7.53,7.53,500,0.0,0
2013-02-28,7.53,7.53,7.53,7.53,0,0.0,0
2013-03-01,7.31,7.31,7.14,7.14,500,0.0,0
2013-03-04,6.98,6.98,6.98,6.98,1100,0.0,0
2013-03-05,7.27,7.27,7.12,7.12,800,0.0,0
2013-03-06,7.42,7.42,7.27,7.27,900,0.0,0
2013-03-07,7.27,7.27,7.27,7.27,0,0.0,0
2013-03-08,7.35,7.35,7.35,7.35,400,0.0,0
2013-03-11,7.61,7.61,7.61,7.61,500,0.0,0
2013-03-12,7.78,7.78,7.78,7.78,600,0.0,0
2013-03-13,7.72,7.72,7.49,7.49,1100,0.0,0
2013-03-14,7.63,7.63,7.63,7.63,300,0.0,0
2013-03-15,7.63,7.63,7.63,7.63,0,0.0,0
2013-03-18,7.63,7.63,7.63,7.63,0,0.0,0
2013-03-19,7.35,7.35,7.21,7.21,500,0.0,0
2013-03-20,7.57,7.57,7.57,7.57,800,0.0,0
2013-03-21,7.49,7.49,7.49,7.49,400,0.0,0
2013-03-22,7.49,7.49,7.49,7.49,300,0.0,0
2013-03-25,7.57,7.57,7.57,7.57,800,0.0,0
2013-03-26,7.49,7.49,7.49,7.49,500,0.0,0
2013-03-27,7.61,7.61,7.61,7.61,300,0.0,0
2013-03-28,7.69,7.69,7.69,7.69,100,0.0,0
2013-04-01,7.69,7.69,7.53,7.53,900,0.0,0
2013-04-02,7.84,7.84,7.84,7.84,600,0.0,0
2013-04-03,7.84,7.84,7.84,7.84,0,0.0,0
2013-04-04,7.84,7.84,7.84,7.84,0,0.0,0
2013-04-05,7.84,7.84,7.84,7.84,0,0.0,0
2013-04-08,7.71,7.71,7.71,7.71,200,0.0,0
2013-04-09,7.83,7.83,7.68,7.68,400,0.0,0
2013-04-10,7.95,7.95,7.95,7.95,500,0.0,0
2013-04-11,8.16,8.16,8.16,8.16,200,0.0,0
2013-04-12,7.88,8.08,7.88,8.08,500,0.0,0
2013-04-15,8.08,8.08,8.08,8.08,0,0.0,0
2013-04-16,7.76,7.76,7.76,7.76,300,0.0,0
2013-04-17,7.76,7.76,7.76,7.76,0,0.0,0
2013-04-18,7.76,7.76,7.76,7.76,0,0.0,0
2013-04-19,7.6,7.6,7.6,7.6,300,0.0,0
2013-04-22,7.6,7.6,7.6,7.6,0,0.0,0
2013-04-23,7.69,7.69,7.54,7.54,500,0.0,0
2013-04-24,8.01,8.01,8.01,8.01,200,0.0,0
2013-04-25,8.04,8.04,8.04,8.04,700,0.0,0
2013-04-26,8.04,8.04,8.04,8.04,0,0.0,0
2013-04-29,7.76,8.01,7.76,7.87,46300,0.0,0
2013-04-30,7.92,7.92,7.92,7.92,300,0.0,0
2013-05-01,7.88,8.04,7.88,8.04,700,0.0,0
2013-05-02,8.04,8.04,8.04,8.04,0,0.0,0
2013-05-03,8.04,8.04,8.04,8.04,0,0.0,0
2013-05-06,8.04,8.04,8.04,8.04,0,0.0,0
2013-05-07,7.8,7.8,7.8,7.8,500,0.0,0
2013-05-08,7.79,7.79,7.79,7.79,700,0.0,0
2013-05-09,7.82,7.82,7.76,7.76,1700,0.0,0
2013-05-10,7.84,7.84,7.84,7.84,500,0.0,0
2013-05-13,7.84,7.84,7.84,7.84,0,0.0,0
2013-05-14,8.11,8.11,8.11,8.11,500,0.0,0
2013-05-15,7.87,7.87,7.87,7.87,200,0.0,0
2013-05-16,7.87,7.87,7.87,7.87,0,0.0,0
2013-05-17,7.59,7.59,7.59,7.59,200,0.0,0
2013-05-20,7.59,7.59,7.59,7.59,0,0.0,0
2013-05-21,7.54,7.54,7.54,7.54,300,0.0,0
2013-05-22,7.54,7.54,7.54,7.54,0,0.0,0
2013-05-23,7.78,7.78,7.78,7.78,300,0.0,0
2013-05-24,7.78,7.78,7.78,7.78,0,0.0,0
2013-05-28,7.6,7.6,7.6,7.6,200,0.0,0
2013-05-29,7.6,7.6,7.6,7.6,0,0.0,0
2013-05-30,7.75,7.75,7.75,7.75,200,0.0,0
2013-05-31,7.57,7.57,7.57,7.57,500,0.0,0
2013-06-03,7.57,7.57,7.57,7.57,0,0.0,0
2013-06-04,7.53,7.53,7.33,7.33,600,0.0,0
2013-06-05,7.33,7.33,7.33,7.33,0,0.0,0
2013-06-06,7.15,7.15,7.15,7.15,200,0.0,0
2013-06-07,7.15,7.15,7.15,7.15,0,0.0,0
2013-06-10,7.17,7.17,7.17,7.17,200,0.0,0
2013-06-11,7.17,7.17,7.17,7.17,0,0.0,0
2013-06-12,7.27,7.27,7.27,7.27,200,0.0,0
2013-06-13,7.27,7.27,7.27,7.27,0,0.0,0
2013-06-14,7.27,7.27,7.27,7.27,0,0.0,0
2013-06-17,7.27,7.27,7.27,7.27,0,0.0,0
2013-06-18,7.27,7.27,7.27,7.27,0,0.0,0
2013-06-19,7.27,7.27,7.27,7.27,0,0.0,0
2013-06-20,6.93,6.93,6.93,6.93,300,0.0,0
2013-06-21,6.93,6.93,6.93,6.93,0,0.0,0
2013-06-24,7.23,7.23,7.23,7.23,200,0.0,0
2013-06-25,7.43,7.43,7.43,7.43,200,0.0,0
2013-06-26,7.43,7.43,7.43,7.43,0,0.0,0
2013-06-27,7.43,7.43,7.43,7.43,0,0.0,0
2013-06-28,7.23,7.23,7.23,7.23,11700,0.0,0
2013-07-01,7.28,7.28,7.28,7.28,6700,0.0,0
2013-07-02,7.41,7.41,7.38,7.38,900,0.0,0
2013-07-03,7.38,7.38,7.38,7.38,0,0.0,0
2013-07-05,7.38,7.38,7.38,7.38,0,0.0,0
2013-07-08,7.38,7.38,7.38,7.38,0,0.0,0
2013-07-09,7.38,7.38,7.38,7.38,0,0.0,0
2013-07-10,7.38,7.38,7.38,7.38,0,0.0,0
2013-07-11,7.71,7.71,7.71,7.71,500,0.0,0
2013-07-12,7.71,7.71,7.71,7.71,0,0.0,0
2013-07-15,7.71,7.71,7.71,7.71,0,0.0,0
2013-07-16,7.88,7.88,7.88,7.88,300,0.0,0
2013-07-17,7.86,7.86,7.86,7.86,200,0.0,0
2013-07-18,7.86,7.86,7.86,7.86,0,0.0,0
2013-07-19,7.86,7.86,7.86,7.86,0,0.0,0
2013-07-22,7.86,7.86,7.86,7.86,0,0.0,0
2013-07-23,7.49,7.49,7.49,7.49,200,0.0,0
2013-07-24,7.49,7.49,7.49,7.49,0,0.0,0
2013-07-25,7.46,7.46,7.46,7.46,200,0.0,0
2013-07-26,7.46,7.46,7.46,7.46,0,0.0,0
2013-07-29,7.51,7.51,7.51,7.51,4500,0.0,0
2013-07-30,7.51,7.51,7.51,7.51,0,0.0,0
2013-07-31,7.48,7.57,7.48,7.57,27400,0.0,0
2013-08-01,7.57,7.57,7.57,7.57,0,0.0,0
2013-08-02,7.57,7.57,7.57,7.57,0,0.0,0
2013-08-05,7.68,7.68,7.68,7.68,100,0.0,0
2013-08-06,7.68,7.68,7.68,7.68,0,0.0,0
2013-08-07,7.68,7.68,7.68,7.68,0,0.0,0
2013-08-08,7.64,7.64,7.64,7.64,300,0.0,0
2013-08-09,7.64,7.64,7.64,7.64,0,0.0,0
2013-08-12,7.64,7.64,7.64,7.64,0,0.0,0
2013-08-13,7.64,7.64,7.64,7.64,0,0.0,0
2013-08-14,7.84,7.84,7.84,7.84,100,0.0,0
2013-08-15,7.84,7.84,7.84,7.84,0,0.0,0
2013-08-16,7.84,7.84,7.84,7.84,0,0.0,0
2013-08-19,7.49,7.49,7.49,7.49,100,0.0,0
2013-08-20,7.57,7.57,7.57,7.57,6200,0.0,0
2013-08-21,7.68,7.68,7.68,7.68,300,0.0,0
2013-08-22,7.68,7.68,7.68,7.68,0,0.0,0
2013-08-23,7.68,7.68,7.68,7.68,0,0.0,0
2013-08-26,7.68,7.68,7.68,7.68,0,0.0,0
2013-08-27,7.68,7.68,7.68,7.68,0,0.0,0
2013-08-28,7.37,7.37,7.37,7.37,700,0.0,0
2013-08-29,7.38,7.38,7.38,7.38,600,0.0,0
2013-08-30,7.41,7.41,7.41,7.41,300,0.0,0
2013-09-03,7.41,7.41,7.41,7.41,200,0.0,0
2013-09-04,7.41,7.41,7.41,7.41,0,0.0,0
2013-09-05,7.41,7.41,7.41,7.41,0,0.0,0
2013-09-06,7.77,7.77,7.77,7.77,400,0.0,0
2013-09-09,7.79,7.79,7.79,7.79,200,0.0,0
2013-09-10,7.79,7.79,7.79,7.79,0,0.0,0
2013-09-11,7.85,7.93,7.85,7.93,2300,0.0,0
2013-09-12,7.93,7.93,7.93,7.93,0,0.0,0
2013-09-13,7.93,7.93,7.93,7.93,0,0.0,0
2013-09-16,7.93,7.93,7.93,7.93,0,0.0,0
2013-09-17,8.15,8.15,8.15,8.15,500,0.0,0
2013-09-18,8.15,8.15,8.15,8.15,0,0.0,0
2013-09-19,7.86,7.86,7.86,7.86,100,0.0,0
2013-09-20,7.83,7.83,7.83,7.83,100,0.0,0
2013-09-23,7.83,7.83,7.83,7.83,0,0.0,0
2013-09-24,7.59,7.82,7.59,7.59,2700,0.0,0
2013-09-25,7.59,7.59,7.59,7.59,0,0.0,0
2013-09-26,7.59,7.59,7.59,7.59,0,0.0,0
2013-09-27,7.59,7.59,7.59,7.59,0,0.0,0
2013-09-30,7.76,7.76,7.76,7.76,700,0.0,0
2013-10-01,7.7,7.7,7.7,7.7,200,0.0,0
2013-10-02,7.79,7.79,7.79,7.79,100,0.0,0
2013-10-03,7.77,7.77,7.77,7.77,500,0.0,0
2013-10-04,7.86,7.86,7.86,7.86,100,0.0,0
2013-10-07,7.86,7.86,7.86,7.86,0,0.0,0
2013-10-08,7.75,7.75,7.75,7.75,500,0.0,0
2013-10-09,7.75,7.75,7.75,7.75,0,0.0,0
2013-10-10,7.57,7.57,7.57,7.57,1600,0.0,0
2013-10-11,7.57,7.57,7.57,7.57,0,0.0,0
2013-10-14,7.57,7.57,7.57,7.57,0,0.0,0
2013-10-15,7.57,7.57,7.57,7.57,0,0.0,0
2013-10-16,7.92,7.92,7.92,7.92,100,0.0,0
2013-10-17,8.04,8.04,8.04,8.04,300,0.0,0
2013-10-18,8.12,8.12,7.97,7.97,300,0.0,0
2013-10-21,8.24,8.24,8.24,8.24,15100,0.0,0
2013-10-22,8.24,8.24,8.24,8.24,0,0.0,0
2013-10-23,8.24,8.24,8.24,8.24,0,0.0,0
2013-10-24,8.2,8.2,8.2,8.2,500,0.0,0
2013-10-25,8.12,8.12,8.12,8.12,800,0.0,0
2013-10-28,8.12,8.12,8.12,8.12,700,0.0,0
2013-10-29,7.86,7.86,7.86,7.86,400,0.0,0
2013-10-30,8.12,8.12,8.12,8.12,20200,0.0,0
2013-10-31,8.12,8.12,8.12,8.12,0,0.0,0
2013-11-01,8.12,8.12,8.12,8.12,0,0.0,0
2013-11-04,8.12,8.12,8.12,8.12,0,0.0,0
2013-11-05,8.15,8.15,8.15,8.15,20900,0.0,0
2013-11-06,8.07,8.22,8.07,8.22,20500,0.0,0
2013-11-07,8.16,8.16,8.16,8.16,300,0.0,0
2013-11-08,8.06,8.06,8.06,8.06,5300,0.0,0
2013-11-11,8.06,8.06,8.06,8.06,0,0.0,0
2013-11-12,8.2,8.2,8.2,8.2,600,0.0,0
2013-11-13,8.06,8.06,8.06,8.06,100,0.0,0
2013-11-14,8.06,8.06,8.06,8.06,0,0.0,0
2013-11-15,8.06,8.06,8.06,8.06,0,0.0,0
2013-11-18,8.32,8.32,8.32,8.32,900,0.0,0
2013-11-19,8.29,8.29,8.29,8.29,100,0.0,0
2013-11-20,8.23,8.23,8.23,8.23,800,0.0,0
2013-11-21,8.23,8.23,8.23,8.23,0,0.0,0
2013-11-22,8.01,8.01,8.01,8.01,500,0.0,0
2013-11-25,8.1,8.1,8.1,8.1,700,0.0,0
2013-11-26,8.02,8.02,8.02,8.02,1000,0.0,0
2013-11-27,8.02,8.02,8.02,8.02,0,0.0,0
2013-11-29,8.0,8.0,8.0,8.0,300,0.0,0
2013-12-02,7.9,7.9,7.9,7.9,200,0.0,0
2013-12-03,7.9,7.9,7.9,7.9,0,0.0,0
2013-12-04,7.88,7.88,7.88,7.88,200,0.0,0
2013-12-05,7.88,7.88,7.88,7.88,0,0.0,0
2013-12-06,8.04,8.04,8.04,8.04,200,0.0,0
2013-12-09,7.97,7.97,7.97,7.97,300,0.0,0
2013-12-10,7.97,7.97,7.97,7.97,0,0.0,0
2013-12-11,8.05,8.05,8.05,8.05,200,0.0,0
2013-12-12,8.05,8.05,8.05,8.05,0,0.0,0
2013-12-13,8.02,8.02,8.02,8.02,1200,0.0,0
2013-12-16,8.2,8.2,8.2,8.2,700,0.0,0
2013-12-17,8.12,8.12,8.12,8.12,1300,0.0,0
2013-12-18,7.31,7.31,7.31,7.31,200,0.0,0
2013-12-19,7.34,7.34,7.34,7.34,1000,0.0,0
2013-12-20,7.38,7.38,7.38,7.38,200,0.0,0
2013-12-23,7.47,7.47,7.47,7.47,1000,0.0,0
2013-12-24,7.47,7.47,7.47,7.47,0,0.0,0
2013-12-26,7.29,7.45,7.29,7.45,400,0.0,0
2013-12-27,7.45,7.45,7.45,7.45,0,0.0,0
2013-12-30,7.33,7.33,7.33,7.33,4500,0.0,0
2013-12-31,7.33,7.33,7.33,7.33,0,0.0,0
2014-01-02,7.52,7.52,7.39,7.5,600,0.0,0
2014-01-03,7.43,7.43,7.43,7.43,400,0.0,0
2014-01-06,7.43,7.43,7.43,7.43,0,0.0,0
2014-01-07,7.55,7.57,7.45,7.45,1800,0.0,0
2014-01-08,7.48,7.48,7.48,7.48,300,0.0,0
2014-01-09,7.44,7.44,7.44,7.44,4300,0.0,0
2014-01-10,7.42,7.42,7.42,7.42,600,0.0,0
2014-01-13,7.42,7.42,7.42,7.42,0,0.0,0
2014-01-14,7.24,7.24,7.24,7.24,200,0.0,0
2014-01-15,7.24,7.24,7.24,7.24,0,0.0,0
2014-01-16,7.11,7.23,7.11,7.11,1500,0.0,0
2014-01-17,7.29,7.29,7.29,7.29,1000,0.0,0
2014-01-21,7.29,7.29,7.29,7.29,0,0.0,0
2014-01-22,7.3,7.3,7.3,7.3,200,0.0,0
2014-01-23,7.29,7.42,7.29,7.42,1100,0.0,0
2014-01-24,7.42,7.42,7.42,7.42,0,0.0,0
2014-01-27,7.42,7.42,7.42,7.42,0,0.0,0
2014-01-28,7.17,7.17,7.17,7.17,400,0.0,0
2014-01-29,7.23,7.36,7.23,7.36,2100,0.0,0
2014-01-30,7.45,7.45,7.33,7.33,1000,0.0,0
2014-01-31,7.34,7.34,7.34,7.34,300,0.0,0
2014-02-03,7.34,7.34,7.34,7.34,0,0.0,0
2014-02-04,7.34,7.34,7.34,7.34,0,0.0,0
2014-02-05,7.29,7.3,7.29,7.3,800,0.0,0
2014-02-06,7.3,7.3,7.3,7.3,0,0.0,0
2014-02-07,7.43,7.43,7.43,7.43,1800,0.0,0
2014-02-10,7.5,7.5,7.5,7.5,200,0.0,0
2014-02-11,7.5,7.5,7.5,7.5,0,0.0,0
2014-02-12,7.75,7.75,7.75,7.75,800,0.0,0
2014-02-13,7.75,7.75,7.75,7.75,0,0.0,0
2014-02-14,7.75,7.75,7.75,7.75,0,0.0,0
2014-02-18,7.75,7.75,7.75,7.75,0,0.0,0
2014-02-19,7.75,7.75,7.75,7.75,0,0.0,0
2014-02-20,7.53,7.72,7.53,7.72,1200,0.0,0
2014-02-21,7.56,7.56,7.56,7.56,1700,0.0,0
2014-02-24,7.56,7.56,7.56,7.56,0,0.0,0
2014-02-25,7.7,7.7,7.7,7.7,0,0.176,0
2014-02-26,7.7,7.7,7.7,7.7,0,0.0,0
2014-02-27,7.7,7.7,7.7,7.7,0,0.0,0
2014-02-28,7.7,7.7,7.7,7.7,0,0.0,0
2014-03-03,7.7,7.7,7.7,7.7,0,0.0,0
2014-03-04,7.43,7.43,7.43,7.43,400,0.0,0
2014-03-05,7.43,7.43,7.43,7.43,0,0.0,0
2014-03-06,7.43,7.43,7.43,7.43,0,0.0,0
2014-03-07,7.35,7.35,7.35,7.35,200,0.0,0
2014-03-10,7.35,7.35,7.35,7.35,0,0.0,0
2014-03-11,7.35,7.35,7.35,7.35,0,0.0,0
2014-03-12,7.35,7.35,7.35,7.35,0,0.0,0
2014-03-13,7.35,7.35,7.35,7.35,0,0.0,0
2014-03-14,7.35,7.35,7.35,7.35,0,0.0,0
2014-03-17,7.35,7.35,7.35,7.35,0,0.0,0
2014-03-18,7.35,7.35,7.35,7.35,0,0.0,0
2014-03-19,7.35,7.35,7.35,7.35,0,0.0,0
2014-03-20,7.35,7.35,7.35,7.35,0,0.0,0
2014-03-21,7.35,7.35,7.35,7.35,0,0.0,0
2014-03-24,7.35,7.35,7.35,7.35,0,0.0,0
2014-03-25,7.35,7.35,7.35,7.35,0,0.0,0
2014-03-26,7.35,7.35,7.35,7.35,0,0.0,0
2014-03-27,7.35,7.35,7.35,7.35,0,0.0,0
2014-03-28,7.35,7.35,7.35,7.35,0,0.0,0
2014-03-31,7.35,7.35,7.35,7.35,0,0.0,0
2014-04-01,7.35,7.35,7.35,7.35,0,0.0,0
2014-04-02,7.35,7.35,7.35,7.35,0,0.0,0
2014-04-03,7.35,7.35,7.35,7.35,0,0.0,0
2014-04-04,7.55,7.55,7.55,7.55,1000,0.0,0
2014-04-07,7.55,7.55,7.55,7.55,0,0.0,0
2014-04-08,7.55,7.55,7.55,7.55,0,0.0,0
2014-04-09,7.55,7.55,7.55,7.55,0,0.0,0
2014-04-10,7.55,7.55,7.55,7.55,0,0.0,0
2014-04-11,7.55,7.55,7.55,7.55,0,0.0,0
2014-04-14,7.55,7.55,7.55,7.55,0,0.0,0
2014-04-15,7.55,7.55,7.55,7.55,0,0.0,0
2014-04-16,7.55,7.55,7.55,7.55,0,0.0,0
2014-04-17,7.55,7.55,7.55,7.55,0,0.0,0
2014-04-21,7.55,7.55,7.55,7.55,0,0.0,0
2014-04-22,7.62,7.62,7.62,7.62,30000,0.0,0
2014-04-23,7.62,7.62,7.62,7.62,0,0.0,0
2014-04-24,7.62,7.62,7.62,7.62,0,0.0,0
2014-04-25,7.62,7.62,7.62,7.62,0,0.0,0
2014-04-28,7.62,7.62,7.62,7.62,0,0.0,0
2014-04-29,7.62,7.62,7.62,7.62,0,0.0,0
2014-04-30,7.62,7.62,7.62,7.62,0,0.0,0
2014-05-01,7.62,7.62,7.62,7.62,0,0.0,0
2014-05-02,7.62,7.62,7.62,7.62,0,0.0,0
2014-05-05,7.62,7.62,7.62,7.62,0,0.0,0
2014-05-06,7.71,7.71,7.71,7.71,200,0.0,0
2014-05-07,7.71,7.71,7.71,7.71,0,0.0,0
2014-05-08,7.71,7.71,7.71,7.71,0,0.0,0
2014-05-09,7.71,7.71,7.71,7.71,0,0.0,0
2014-05-12,7.71,7.71,7.71,7.71,0,0.0,0
2014-05-13,7.71,7.71,7.71,7.71,0,0.0,0
2014-05-14,7.87,7.87,7.87,7.87,1500,0.0,0
2014-05-15,7.87,7.87,7.87,7.87,0,0.0,0
2014-05-16,7.79,7.79,7.79,7.79,400,0.0,0
2014-05-19,7.79,7.79,7.79,7.79,0,0.0,0
2014-05-20,7.79,7.79,7.79,7.79,0,0.0,0
2014-05-21,7.79,7.79,7.79,7.79,0,0.0,0
2014-05-22,7.79,7.79,7.79,7.79,0,0.0,0
2014-05-23,7.79,7.79,7.79,7.79,0,0.0,0
2014-05-27,7.79,7.79,7.79,7.79,0,0.0,0
2014-05-28,7.79,7.79,7.79,7.79,0,0.0,0
2014-05-29,7.79,7.79,7.79,7.79,0,0.0,0
2014-05-30,7.79,7.79,7.79,7.79,0,0.0,0
2014-06-02,7.79,7.79,7.79,7.79,0,0.0,0
2014-06-03,7.79,7.79,7.79,7.79,0,0.0,0
2014-06-04,7.79,7.79,7.79,7.79,0,0.0,0
2014-06-05,7.79,7.79,7.79,7.79,0,0.0,0
2014-06-06,7.79,7.79,7.79,7.79,0,0.0,0
2014-06-09,7.79,7.79,7.79,7.79,0,0.0,0
2014-06-10,7.79,7.79,7.79,7.79,0,0.0,0
2014-06-11,7.79,7.79,7.79,7.79,0,0.0,0
2014-06-12,7.79,7.79,7.79,7.79,0,0.0,0
2014-06-13,7.79,7.79,7.79,7.79,0,0.0,0
2014-06-16,7.79,7.79,7.79,7.79,0,0.0,0
2014-06-17,7.79,7.79,7.79,7.79,0,0.0,0
2014-06-18,7.79,7.79,7.79,7.79,0,0.0,0
2014-06-19,7.79,7.79,7.79,7.79,0,0.0,0
2014-06-20,7.79,7.79,7.79,7.79,0,0.0,0
2014-06-23,7.91,7.91,7.91,7.91,200,0.0,0
2014-06-24,7.91,7.91,7.91,7.91,0,0.0,0
2014-06-25,7.91,7.91,7.91,7.91,0,0.0,0
2014-06-26,7.91,7.91,7.91,7.91,0,0.0,0
2014-06-27,7.91,7.91,7.91,7.91,0,0.0,0
2014-06-30,7.91,7.91,7.91,7.91,0,0.0,0
2014-07-01,7.91,7.91,7.91,7.91,0,0.0,0
2014-07-02,7.91,7.91,7.91,7.91,0,0.0,0
2014-07-03,7.91,7.91,7.91,7.91,0,0.0,0
2014-07-07,7.91,7.91,7.91,7.91,0,0.0,0
2014-07-08,7.91,7.91,7.91,7.91,0,0.0,0
2014-07-09,7.91,7.91,7.91,7.91,0,0.0,0
2014-07-10,7.91,7.91,7.91,7.91,0,0.0,0
2014-07-11,7.91,7.91,7.91,7.91,0,0.0,0
2014-07-14,7.82,7.82,7.82,7.82,500,0.0,0
2014-07-15,7.82,7.82,7.82,7.82,0,0.0,0
2014-07-16,7.82,7.82,7.82,7.82,0,0.0,0
2014-07-17,7.63,7.63,7.63,7.63,4100,0.0,0
2014-07-18,7.63,7.63,7.63,7.63,0,0.0,0
2014-07-21,7.63,7.63,7.63,7.63,0,0.0,0
2014-07-22,7.63,7.63,7.63,7.63,0,0.0,0
2014-07-23,7.63,7.63,7.63,7.63,0,0.0,0
2014-07-24,7.63,7.63,7.63,7.63,0,0.0,0
2014-07-25,7.63,7.63,7.63,7.63,0,0.0,0
2014-07-28,7.63,7.63,7.63,7.63,0,0.0,0
2014-07-29,7.63,7.63,7.63,7.63,0,0.0,0
2014-07-30,7.63,7.63,7.63,7.63,0,0.0,0
2014-07-31,7.63,7.63,7.63,7.63,0,0.0,0
2014-08-01,7.63,7.63,7.63,7.63,0,0.0,0
2014-08-04,7.63,7.63,7.63,7.63,0,0.0,0
2014-08-05,7.63,7.63,7.63,7.63,0,0.0,0
2014-08-06,7.63,7.63,7.63,7.63,0,0.0,0
2014-08-07,7.63,7.63,7.63,7.63,0,0.0,0
2014-08-08,7.63,7.63,7.63,7.63,0,0.0,0
2014-08-11,7.63,7.63,7.63,7.63,0,0.0,0
2014-08-12,7.63,7.63,7.63,7.63,0,0.0,0
2014-08-13,7.63,7.63,7.63,7.63,0,0.0,0
2014-08-14,7.63,7.63,7.63,7.63,0,0.0,0
2014-08-15,7.63,7.63,7.63,7.63,0,0.0,0
2014-08-18,7.63,7.63,7.63,7.63,0,0.0,0
2014-08-19,7.63,7.63,7.63,7.63,0,0.0,0
2014-08-20,7.63,7.63,7.63,7.63,0,0.0,0
2014-08-21,7.63,7.63,7.63,7.63,0,0.0,0
2014-08-22,7.63,7.63,7.63,7.63,0,0.0,0
2014-08-25,7.63,7.63,7.63,7.63,0,0.0,0
2014-08-26,7.63,7.63,7.63,7.63,0,0.0,0
2014-08-27,7.63,7.63,7.63,7.63,0,0.0,0
2014-08-28,7.63,7.63,7.63,7.63,0,0.0,0
2014-08-29,7.63,7.63,7.63,7.63,0,0.0,0
2014-09-02,7.81,7.81,7.81,7.81,0,0.219,0
2014-09-03,7.81,7.81,7.81,7.81,0,0.0,0
2014-09-04,7.81,7.81,7.81,7.81,0,0.0,0
2014-09-05,7.81,7.81,7.81,7.81,0,0.0,0
2014-09-08,8.45,8.45,8.45,8.45,200,0.0,0
2014-09-09,8.45,8.45,8.45,8.45,0,0.0,0
2014-09-10,8.45,8.45,8.45,8.45,0,0.0,0
2014-09-11,8.45,8.45,8.45,8.45,0,0.0,0
2014-09-12,8.45,8.45,8.45,8.45,0,0.0,0
2014-09-15,8.45,8.45,8.45,8.45,0,0.0,0
2014-09-16,8.45,8.45,8.45,8.45,0,0.0,0
2014-09-17,8.45,8.45,8.45,8.45,0,0.0,0
2014-09-18,8.45,8.45,8.45,8.45,0,0.0,0
2014-09-19,8.45,8.45,8.45,8.45,0,0.0,0
2014-09-22,8.45,8.45,8.45,8.45,0,0.0,0
2014-09-23,8.45,8.45,8.45,8.45,0,0.0,0
2014-09-24,8.45,8.45,8.45,8.45,0,0.0,0
2014-09-25,8.45,8.45,8.45,8.45,0,0.0,0
2014-09-26,8.45,8.45,8.45,8.45,0,0.0,0
2014-09-29,8.45,8.45,8.45,8.45,0,0.0,0
2014-09-30,8.45,8.45,8.45,8.45,0,0.0,0
2014-10-01,8.45,8.45,8.45,8.45,0,0.0,0
2014-10-02,8.45,8.45,8.45,8.45,0,0.0,0
2014-10-03,8.45,8.45,8.45,8.45,0,0.0,0
2014-10-06,8.45,8.45,8.45,8.45,0,0.0,0
2014-10-07,8.45,8.45,8.45,8.45,0,0.0,0
2014-10-08,8.45,8.45,8.45,8.45,0,0.0,0
2014-10-09,8.09,8.09,8.09,8.09,300,0.0,0
2014-10-10,8.09,8.09,8.09,8.09,0,0.0,0
2014-10-13,8.09,8.09,8.09,8.09,0,0.0,0
2014-10-14,8.09,8.09,8.09,8.09,0,0.0,0
2014-10-15,8.09,8.09,8.09,8.09,0,0.0,0
2014-10-16,8.09,8.09,8.09,8.09,0,0.0,0
2014-10-17,8.09,8.09,8.09,8.09,0,0.0,0
2014-10-20,8.09,8.09,8.09,8.09,0,0.0,0
2014-10-21,8.09,8.09,8.09,8.09,0,0.0,0
2014-10-22,8.09,8.09,8.09,8.09,0,0.0,0
2014-10-23,8.09,8.09,8.09,8.09,0,0.0,0
2014-10-24,8.09,8.09,8.09,8.09,0,0.0,0
2014-10-27,8.09,8.09,8.09,8.09,0,0.0,0
2014-10-28,8.09,8.09,8.09,8.09,0,0.0,0
2014-10-29,8.09,8.09,8.09,8.09,0,0.0,0
2014-10-30,8.09,8.09,8.09,8.09,0,0.0,0
2014-10-31,8.09,8.09,8.09,8.09,0,0.0,0
2014-11-03,8.09,8.09,8.09,8.09,0,0.0,0
2014-11-04,8.09,8.09,8.09,8.09,0,0.0,0
2014-11-05,8.29,8.29,8.29,8.29,200,0.0,0
2014-11-06,8.5,8.5,8.5,8.5,1500,0.0,0
2014-11-07,8.5,8.5,8.5,8.5,0,0.0,0
2014-11-10,8.5,8.5,8.5,8.5,0,0.0,0
2014-11-11,8.57,8.57,8.57,8.57,600,0.0,0
2014-11-12,8.57,8.57,8.57,8.57,0,0.0,0
2014-11-13,8.57,8.57,8.57,8.57,0,0.0,0
2014-11-14,8.57,8.57,8.57,8.57,0,0.0,0
2014-11-17,8.57,8.57,8.57,8.57,0,0.0,0
2014-11-18,8.57,8.57,8.57,8.57,0,0.0,0
2014-11-19,8.57,8.57,8.57,8.57,0,0.0,0
2014-11-20,8.57,8.57,8.57,8.57,0,0.0,0
2014-11-21,8.57,8.57,8.57,8.57,0,0.0,0
2014-11-24,8.57,8.57,8.57,8.57,0,0.0,0
2014-11-25,8.57,8.57,8.57,8.57,0,0.0,0
2014-11-26,8.57,8.57,8.57,8.57,0,0.0,0
2014-11-28,8.57,8.57,8.57,8.57,0,0.0,0
2014-12-01,8.57,8.57,8.57,8.57,0,0.0,0
2014-12-02,8.57,8.57,8.57,8.57,0,0.0,0
2014-12-03,8.57,8.57,8.57,8.57,0,0.0,0
2014-12-04,8.57,8.57,8.57,8.57,0,0.0,0
2014-12-05,8.57,8.57,8.57,8.57,0,0.0,0
2014-12-08,8.57,8.57,8.57,8.57,0,0.0,0
2014-12-09,8.57,8.57,8.57,8.57,0,0.0,0
2014-12-10,8.62,8.62,8.62,8.62,300,0.0,0
2014-12-11,8.62,8.62,8.62,8.62,0,0.0,0
2014-12-12,8.62,8.62,8.62,8.62,0,0.0,0
2014-12-15,8.62,8.62,8.62,8.62,0,0.0,0
2014-12-16,8.62,8.62,8.62,8.62,0,0.0,0
2014-12-17,8.7,8.7,8.7,8.7,300,0.0,0
2014-12-18,8.7,8.7,8.7,8.7,0,0.0,0
2014-12-19,8.7,8.7,8.7,8.7,0,0.0,0
2014-12-22,8.7,8.7,8.7,8.7,0,0.0,0
2014-12-23,8.7,8.7,8.7,8.7,0,0.0,0
2014-12-24,8.7,8.7,8.7,8.7,0,0.0,0
2014-12-26,8.7,8.7,8.7,8.7,0,0.0,0
2014-12-29,9.2,9.2,9.2,9.2,300,0.0,0
2014-12-30,9.2,9.2,9.2,9.2,0,0.0,0
2014-12-31,9.2,9.2,9.2,9.2,0,0.0,0
2015-01-02,9.2,9.2,9.2,9.2,0,0.0,0
2015-01-05,9.2,9.2,9.2,9.2,0,0.0,0
2015-01-06,9.2,9.2,9.2,9.2,0,0.0,0
2015-01-07,8.81,8.81,8.81,8.81,800,0.0,0
2015-01-08,8.81,8.81,8.81,8.81,0,0.0,0
2015-01-09,8.81,8.81,8.81,8.81,0,0.0,0
2015-01-12,8.81,8.81,8.81,8.81,0,0.0,0
2015-01-13,8.81,8.81,8.81,8.81,0,0.0,0
2015-01-14,8.81,8.81,8.81,8.81,0,0.0,0
2015-01-15,8.81,8.81,8.81,8.81,0,0.0,0
2015-01-16,8.81,8.81,8.81,8.81,0,0.0,0
2015-01-20,8.81,8.81,8.81,8.81,0,0.0,0
2015-01-21,8.81,8.81,8.81,8.81,0,0.0,0
2015-01-22,8.81,8.81,8.81,8.81,0,0.0,0
2015-01-23,8.81,8.81,8.81,8.81,0,0.0,0
2015-01-26,8.81,8.81,8.81,8.81,0,0.0,0
2015-01-27,8.81,8.81,8.81,8.81,0,0.0,0
2015-01-28,8.2,8.2,8.2,8.2,3100,0.0,0
2015-01-29,8.08,8.08,8.08,8.08,1300,0.0,0
2015-01-30,8.08,8.08,8.08,8.08,0,0.0,0
2015-02-02,8.08,8.08,8.08,8.08,0,0.0,0
2015-02-03,8.08,8.08,8.08,8.08,0,0.0,0
2015-02-04,8.2,8.2,8.2,8.2,200,0.0,0
2015-02-05,8.2,8.2,8.2,8.2,0,0.0,0
2015-02-06,8.2,8.2,8.2,8.2,0,0.0,0
2015-02-09,8.37,8.37,8.37,8.37,200,0.0,0
2015-02-10,8.41,8.41,8.41,8.41,100,0.0,0
2015-02-11,8.41,8.41,8.41,8.41,0,0.0,0
2015-02-12,8.41,8.41,8.41,8.41,0,0.0,0
2015-02-13,8.41,8.41,8.41,8.41,0,0.0,0
2015-02-17,8.41,8.41,8.41,8.41,0,0.0,0
2015-02-18,8.41,8.41,8.41,8.41,0,0.0,0
2015-02-19,8.41,8.41,8.41,8.41,0,0.0,0
2015-02-20,8.41,8.41,8.41,8.41,0,0.0,0
2015-02-23,8.41,8.41,8.41,8.41,0,0.0,0
2015-02-24,8.41,8.41,8.41,8.41,0,0.0,0
2015-02-25,8.41,8.41,8.41,8.41,0,0.0,0
2015-02-26,8.41,8.41,8.41,8.41,0,0.0,0
2015-02-27,8.41,8.41,8.41,8.41,0,0.0,0
2015-03-02,8.41,8.41,8.41,8.41,0,0.0,0
2015-03-03,8.41,8.41,8.41,8.41,0,0.0,0
2015-03-04,8.41,8.41,8.41,8.41,0,0.0,0
2015-03-05,8.41,8.41,8.41,8.41,0,0.0,0
2015-03-06,8.41,8.41,8.41,8.41,0,0.0,0
2015-03-09,8.41,8.41,8.41,8.41,0,0.0,0
2015-03-10,8.41,8.41,8.41,8.41,0,0.0,0
2015-03-11,8.41,8.41,8.41,8.41,0,0.0,0
2015-03-12,8.41,8.41,8.41,8.41,0,0.0,0
2015-03-13,8.41,8.41,8.41,8.41,0,0.0,0
2015-03-16,8.41,8.41,8.41,8.41,0,0.0,0
2015-03-17,8.87,8.87,8.87,8.87,300,0.0,0
2015-03-18,8.87,8.87,8.87,8.87,0,0.0,0
2015-03-19,8.87,8.87,8.87,8.87,0,0.0,0
2015-03-20,8.87,8.87,8.87,8.87,0,0.0,0
2015-03-23,8.87,8.87,8.87,8.87,0,0.0,0
2015-03-24,8.87,8.87,8.87,8.87,0,0.0,0
2015-03-25,8.87,8.87,8.87,8.87,0,0.0,0
2015-03-26,8.87,8.87,8.87,8.87,0,0.0,0
2015-03-27,8.87,8.87,8.87,8.87,0,0.0,0
2015-03-30,8.87,8.87,8.87,8.87,0,0.0,0
2015-03-31,8.72,8.72,8.72,8.72,100,0.0,0
2015-04-01,8.72,8.72,8.72,8.72,0,0.0,0
2015-04-02,8.72,8.72,8.72,8.72,0,0.0,0
2015-04-06,8.72,8.72,8.72,8.72,0,0.0,0
2015-04-07,8.72,8.72,8.72,8.72,0,0.0,0
2015-04-08,8.72,8.72,8.72,8.72,0,0.0,0
2015-04-09,8.72,8.72,8.72,8.72,0,0.0,0
2015-04-10,8.72,8.72,8.72,8.72,0,0.0,0
2015-04-13,8.72,8.72,8.72,8.72,0,0.0,0
2015-04-14,8.72,8.72,8.72,8.72,0,0.0,0
2015-04-15,8.72,8.72,8.72,8.72,0,0.0,0
2015-04-16,8.72,8.72,8.72,8.72,0,0.0,0
2015-04-17,8.72,8.72,8.72,8.72,0,0.0,0
2015-04-20,8.72,8.72,8.72,8.72,0,0.0,0
2015-04-21,8.72,8.72,8.72,8.72,0,0.0,0
2015-04-22,8.72,8.72,8.72,8.72,0,0.0,0
2015-04-23,8.72,8.72,8.72,8.72,0,0.0,0
2015-04-24,8.72,8.72,8.72,8.72,0,0.0,0
2015-04-27,8.72,8.72,8.72,8.72,0,0.0,0
2015-04-28,8.72,8.72,8.72,8.72,0,0.0,0
2015-04-29,8.72,8.72,8.72,8.72,0,0.0,0
2015-04-30,8.72,8.72,8.72,8.72,0,0.0,0
2015-05-01,8.72,8.72,8.72,8.72,0,0.0,0
2015-05-04,8.72,8.72,8.72,8.72,0,0.0,0
2015-05-05,8.72,8.72,8.72,8.72,0,0.0,0
2015-05-06,8.72,8.72,8.72,8.72,0,0.0,0
2015-05-07,8.59,8.59,8.59,8.59,1300,0.0,0
2015-05-08,8.72,8.72,8.72,8.72,500,0.0,0
2015-05-11,8.72,8.72,8.72,8.72,0,0.0,0
2015-05-12,8.72,8.72,8.72,8.72,0,0.0,0
2015-05-13,8.72,8.72,8.72,8.72,0,0.0,0
2015-05-14,8.72,8.72,8.72,8.72,0,0.0,0
2015-05-15,8.72,8.72,8.72,8.72,0,0.0,0
2015-05-18,8.72,8.72,8.72,8.72,0,0.0,0
2015-05-19,8.72,8.72,8.72,8.72,0,0.0,0
2015-05-20,8.72,8.72,8.72,8.72,0,0.0,0
2015-05-21,8.72,8.72,8.72,8.72,0,0.0,0
2015-05-22,8.72,8.72,8.72,8.72,0,0.0,0
2015-05-26,8.72,8.72,8.72,8.72,0,0.0,0
2015-05-27,8.72,8.72,8.72,8.72,0,0.0,0
2015-05-28,8.72,8.72,8.72,8.72,0,0.0,0
2015-05-29,8.72,8.72,8.72,8.72,0,0.0,0
2015-06-01,8.72,8.72,8.72,8.72,0,0.0,0
2015-06-02,8.72,8.72,8.72,8.72,0,0.0,0
2015-06-03,8.72,8.72,8.72,8.72,0,0.0,0
2015-06-04,8.72,8.72,8.72,8.72,0,0.0,0
2015-06-05,8.72,8.72,8.72,8.72,0,0.0,0
2015-06-08,8.72,8.72,8.72,8.72,0,0.0,0
2015-06-09,8.72,8.72,8.72,8.72,0,0.0,0
2015-06-10,8.72,8.72,8.72,8.72,0,0.0,0
2015-06-11,8.72,8.72,8.72,8.72,0,0.0,0
2015-06-12,8.72,8.72,8.72,8.72,0,0.0,0
2015-06-15,8.72,8.72,8.72,8.72,0,0.0,0
2015-06-16,8.72,8.72,8.72,8.72,0,0.0,0
2015-06-17,8.72,8.72,8.72,8.72,0,0.0,0
2015-06-18,8.72,8.72,8.72,8.72,0,0.0,0
2015-06-19,8.72,8.72,8.72,8.72,0,0.0,0
2015-06-22,8.72,8.72,8.72,8.72,0,0.0,0
2015-06-23,8.72,8.72,8.72,8.72,0,0.0,0
2015-06-24,8.72,8.72,8.72,8.72,0,0.0,0
2015-06-25,8.72,8.72,8.72,8.72,0,0.0,0
2015-06-26,8.72,8.72,8.72,8.72,0,0.0,0
2015-06-29,8.72,8.72,8.72,8.72,0,0.0,0
2015-06-30,8.72,8.72,8.72,8.72,0,0.0,0
2015-07-01,8.72,8.72,8.72,8.72,0,0.0,0
2015-07-02,8.72,8.72,8.72,8.72,0,0.0,0
2015-07-06,8.72,8.72,8.72,8.72,0,0.0,0
2015-07-07,8.72,8.72,8.72,8.72,0,0.0,0
2015-07-08,8.72,8.72,8.72,8.72,0,0.0,0
2015-07-09,8.72,8.72,8.72,8.72,0,0.0,0
2015-07-10,8.72,8.72,8.72,8.72,0,0.0,0
2015-07-13,8.72,8.72,8.72,8.72,0,0.0,0
2015-07-14,8.72,8.72,8.72,8.72,0,0.0,0
2015-07-15,8.72,8.72,8.72,8.72,0,0.0,0
2015-07-16,8.72,8.72,8.72,8.72,0,0.0,0
2015-07-17,8.72,8.72,8.72,8.72,0,0.0,0
2015-07-20,8.72,8.72,8.72,8.72,0,0.0,0
2015-07-21,8.72,8.72,8.72,8.72,0,0.0,0
2015-07-22,8.61,8.61,8.61,8.61,1800,0.0,0
2015-07-23,8.61,8.61,8.61,8.61,0,0.0,0
2015-07-24,8.61,8.61,8.61,8.61,0,0.0,0
2015-07-27,8.61,8.61,8.61,8.61,0,0.0,0
2015-07-28,8.55,8.55,8.55,8.55,1000,0.0,0
2015-07-29,8.55,8.55,8.55,8.55,0,0.0,0
2015-07-30,8.55,8.55,8.55,8.55,0,0.0,0
2015-07-31,8.55,8.55,8.55,8.55,0,0.0,0
2015-08-03,8.46,8.46,8.46,8.46,1000,0.0,0
2015-08-04,8.46,8.46,8.46,8.46,0,0.0,0
2015-08-05,8.46,8.46,8.46,8.46,0,0.0,0
2015-08-06,8.46,8.46,8.46,8.46,0,0.0,0
2015-08-07,8.46,8.46,8.46,8.46,0,0.0,0
2015-08-10,8.46,8.46,8.46,8.46,0,0.0,0
2015-08-11,8.46,8.46,8.46,8.46,0,0.0,0
2015-08-12,8.46,8.46,8.46,8.46,0,0.0,0
2015-08-13,8.46,8.46,8.46,8.46,0,0.0,0
2015-08-14,8.46,8.46,8.46,8.46,0,0.0,0
2015-08-17,8.46,8.46,8.46,8.46,0,0.0,0
2015-08-18,8.46,8.46,8.46,8.46,0,0.0,0
2015-08-19,8.46,8.46,8.46,8.46,0,0.0,0
2015-08-20,8.46,8.46,8.46,8.46,0,0.0,0
2015-08-21,8.46,8.46,8.46,8.46,0,0.0,0
2015-08-24,8.46,8.46,8.46,8.46,0,0.0,0
2015-08-25,8.46,8.46,8.46,8.46,0,0.0,0
2015-08-26,8.46,8.46,8.46,8.46,2000,0.0,0
2015-08-27,7.72,7.72,7.72,7.72,9100,0.0,0
2015-08-28,7.72,7.72,7.72,7.72,0,0.0,0
2015-08-31,7.72,7.72,7.72,7.72,0,0.0,0
2015-09-01,7.72,7.72,7.72,7.72,0,0.0,0
2015-09-02,7.72,7.72,7.72,7.72,0,0.0,0
2015-09-03,7.72,7.72,7.72,7.72,0,0.0,0
2015-09-04,7.72,7.72,7.72,7.72,0,0.0,0
2015-09-08,7.89,7.89,7.89,7.89,0,0.197,0
2015-09-09,7.89,7.89,7.89,7.89,0,0.0,0
2015-09-10,7.89,7.89,7.89,7.89,0,0.0,0
2015-09-11,7.89,7.89,7.89,7.89,0,0.0,0
2015-09-14,7.89,7.89,7.89,7.89,0,0.0,0
2015-09-15,7.89,7.89,7.89,7.89,0,0.0,0
2015-09-16,7.89,7.89,7.89,7.89,0,0.0,0
2015-09-17,7.89,7.89,7.89,7.89,0,0.0,0
2015-09-18,7.89,7.89,7.89,7.89,3100,0.0,0
2015-09-21,7.89,7.89,7.89,7.89,0,0.0,0
2015-09-22,7.89,7.89,7.89,7.89,0,0.0,0
2015-09-23,7.89,7.89,7.89,7.89,0,0.0,0
2015-09-24,7.89,7.89,7.89,7.89,0,0.0,0
2015-09-25,7.89,7.89,7.89,7.89,0,0.0,0
2015-09-28,7.89,7.89,7.89,7.89,0,0.0,0
2015-09-29,7.89,7.89,7.89,7.89,0,0.0,0
2015-09-30,7.89,7.89,7.89,7.89,0,0.0,0
2015-10-01,7.89,7.89,7.89,7.89,0,0.0,0
2015-10-02,7.89,7.89,7.89,7.89,0,0.0,0
2015-10-05,7.89,7.89,7.89,7.89,0,0.0,0
2015-10-06,7.89,7.89,7.89,7.89,0,0.0,0
2015-10-07,7.89,7.89,7.89,7.89,0,0.0,0
2015-10-08,7.89,7.89,7.89,7.89,0,0.0,0
2015-10-09,7.89,7.89,7.89,7.89,0,0.0,0
2015-10-12,7.89,7.89,7.89,7.89,0,0.0,0
2015-10-13,7.89,7.89,7.89,7.89,0,0.0,0
2015-10-14,7.89,7.89,7.89,7.89,0,0.0,0
2015-10-15,7.92,7.92,7.92,7.92,600,0.0,0
2015-10-16,7.92,7.92,7.92,7.92,0,0.0,0
2015-10-19,7.92,7.92,7.92,7.92,0,0.0,0
2015-10-20,7.92,7.92,7.92,7.92,0,0.0,0
2015-10-21,7.92,7.92,7.92,7.92,0,0.0,0
2015-10-22,7.92,7.92,7.92,7.92,0,0.0,0
2015-10-23,7.92,7.92,7.92,7.92,0,0.0,0
2015-10-26,7.92,7.92,7.92,7.92,0,0.0,0
2015-10-27,7.92,7.92,7.92,7.92,0,0.0,0
2015-10-28,7.92,7.92,7.92,7.92,0,0.0,0
2015-10-29,7.92,7.92,7.92,7.92,0,0.0,0
2015-10-30,7.92,7.92,7.92,7.92,0,0.0,0
2015-11-02,7.92,7.92,7.92,7.92,0,0.0,0
2015-11-03,7.92,7.92,7.92,7.92,0,0.0,0
2015-11-04,7.92,7.92,7.92,7.92,0,0.0,0
2015-11-05,7.91,7.91,7.91,7.91,100,0.0,0
2015-11-06,7.91,7.91,7.91,7.91,0,0.0,0
2015-11-09,7.91,7.91,7.91,7.91,0,0.0,0
2015-11-10,7.91,7.91,7.91,7.91,0,0.0,0
2015-11-11,7.91,7.91,7.91,7.91,0,0.0,0
2015-11-12,8.11,8.11,8.11,8.11,100,0.0,0
2015-11-13,8.11,8.11,8.11,8.11,0,0.0,0
2015-11-16,8.11,8.11,8.11,8.11,0,0.0,0
2015-11-17,8.11,8.11,8.11,8.11,0,0.0,0
2015-11-18,8.11,8.11,8.11,8.11,0,0.0,0
2015-11-19,8.11,8.11,8.11,8.11,0,0.0,0
2015-11-20,8.11,8.11,8.11,8.11,0,0.0,0
2015-11-23,8.11,8.11,8.11,8.11,0,0.0,0
2015-11-24,8.11,8.11,8.11,8.11,0,0.0,0
2015-11-25,8.11,8.11,8.11,8.11,0,0.0,0
2015-11-27,8.11,8.11,8.11,8.11,0,0.0,0
2015-11-30,8.11,8.11,8.11,8.11,0,0.0,0
2015-12-01,8.11,8.11,8.11,8.11,0,0.0,0
2015-12-02,8.11,8.11,8.11,8.11,0,0.0,0
2015-12-03,8.11,8.11,8.11,8.11,0,0.0,0
2015-12-04,8.11,8.11,8.11,8.11,0,0.0,0
2015-12-07,8.11,8.11,8.11,8.11,0,0.0,0
2015-12-08,8.11,8.11,8.11,8.11,0,0.0,0
2015-12-09,8.0,8.0,8.0,8.0,1000,0.0,0
2015-12-10,8.0,8.0,8.0,8.0,0,0.0,0
2015-12-11,8.0,8.0,8.0,8.0,0,0.0,0
2015-12-14,8.0,8.0,8.0,8.0,0,0.0,0
2015-12-15,8.0,8.0,8.0,8.0,0,0.0,0
2015-12-16,8.0,8.0,8.0,8.0,0,0.0,0
2015-12-17,8.0,8.0,8.0,8.0,0,0.0,0
2015-12-18,8.0,8.0,8.0,8.0,0,0.0,0
2015-12-21,7.86,7.86,7.86,7.86,1300,0.0,0
2015-12-22,8.0,8.0,8.0,8.0,300,0.0,0
2015-12-23,8.0,8.0,8.0,8.0,10400,0.0,0
2015-12-24,8.0,8.0,8.0,8.0,0,0.0,0
2015-12-28,8.0,8.0,8.0,8.0,0,0.0,0
2015-12-29,8.0,8.0,8.0,8.0,0,0.0,0
2015-12-30,8.0,8.0,8.0,8.0,0,0.0,0
2015-12-31,8.1,8.1,8.1,8.1,600,0.0,0
2016-01-04,8.1,8.1,8.1,8.1,0,0.0,0
2016-01-05,7.93,7.93,7.92,7.92,36800,0.0,0
2016-01-06,7.92,7.92,7.92,7.92,0,0.0,0
2016-01-07,7.92,7.92,7.92,7.92,0,0.0,0
2016-01-08,7.92,7.92,7.92,7.92,0,0.0,0
2016-01-11,7.6,7.6,7.6,7.6,500,0.0,0
2016-01-12,7.3,7.3,7.3,7.3,300,0.0,0
2016-01-13,7.3,7.3,7.3,7.3,0,0.0,0
2016-01-14,7.3,7.3,7.3,7.3,0,0.0,0
2016-01-15,7.3,7.3,7.3,7.3,0,0.0,0
2016-01-19,7.3,7.3,7.3,7.3,0,0.0,0
2016-01-20,7.3,7.3,7.3,7.3,0,0.0,0
2016-01-21,7.3,7.3,7.3,7.3,0,0.0,0
2016-01-22,7.3,7.3,7.3,7.3,0,0.0,0
2016-01-25,7.3,7.3,7.3,7.3,0,0.0,0
2016-01-26,7.3,7.3,7.3,7.3,0,0.0,0
2016-01-27,7.3,7.3,7.3,7.3,0,0.0,0
2016-01-28,7.3,7.3,7.3,7.3,0,0.0,0
2016-01-29,7.3,7.3,7.3,7.3,0,0.0,0
2016-02-01,7.3,7.3,7.3,7.3,0,0.0,0
2016-02-02,7.3,7.3,7.3,7.3,0,0.0,0
2016-02-03,7.3,7.3,7.3,7.3,0,0.0,0
2016-02-04,7.3,7.3,7.3,7.3,0,0.0,0
2016-02-05,7.3,7.3,7.3,7.3,0,0.0,0
2016-02-08,7.3,7.3,7.3,7.3,0,0.0,0
2016-02-09,7.3,7.3,7.3,7.3,0,0.0,0
2016-02-10,7.3,7.3,7.3,7.3,0,0.0,0
2016-02-11,7.3,7.3,7.3,7.3,0,0.0,0
2016-02-12,7.3,7.3,7.3,7.3,0,0.0,0
2016-02-16,7.3,7.3,7.3,7.3,0,0.0,0
2016-02-17,7.3,7.3,7.3,7.3,5000,0.0,0
2016-02-18,7.3,7.3,7.3,7.3,0,0.0,0
2016-02-19,7.3,7.3,7.3,7.3,0,0.0,0
2016-02-22,7.3,7.3,7.3,7.3,0,0.0,0
2016-02-23,7.47,7.47,7.47,7.47,0,0.193,0
2016-02-24,7.47,7.47,7.47,7.47,0,0.0,0
2016-02-25,7.47,7.47,7.47,7.47,0,0.0,0
2016-02-26,7.47,7.47,7.47,7.47,0,0.0,0
2016-02-29,7.47,7.47,7.47,7.47,0,0.0,0
2016-03-01,7.47,7.47,7.47,7.47,0,0.0,0
2016-03-02,7.47,7.47,7.47,7.47,0,0.0,0
2016-03-03,7.47,7.47,7.47,7.47,0,0.0,0
2016-03-04,7.47,7.47,7.47,7.47,0,0.0,0
2016-03-07,7.47,7.47,7.47,7.47,0,0.0,0
2016-03-08,7.47,7.47,7.47,7.47,0,0.0,0
2016-03-09,7.47,7.47,7.47,7.47,5400,0.0,0
2016-03-10,8.99,8.99,8.99,8.99,30000,0.0,0
2016-03-11,8.99,8.99,8.99,8.99,0,0.0,0
2016-03-14,8.99,8.99,8.99,8.99,0,0.0,0
2016-03-15,8.99,8.99,8.99,8.99,0,0.0,0
2016-03-16,8.99,8.99,8.99,8.99,0,0.0,0
2016-03-17,8.99,8.99,8.99,8.99,0,0.0,0
2016-03-18,8.99,8.99,8.99,8.99,0,0.0,0
2016-03-21,8.99,8.99,8.99,8.99,0,0.0,0
2016-03-22,8.99,8.99,8.99,8.99,0,0.0,0
2016-03-23,8.99,8.99,8.99,8.99,0,0.0,0
2016-03-24,8.99,8.99,8.99,8.99,0,0.0,0
2016-03-28,8.99,8.99,8.99,8.99,0,0.0,0
2016-03-29,8.99,8.99,8.99,8.99,0,0.0,0
2016-03-30,8.99,8.99,8.99,8.99,0,0.0,0
2016-03-31,8.99,8.99,8.99,8.99,0,0.0,0
2016-04-01,8.99,8.99,8.99,8.99,0,0.0,0
2016-04-04,8.99,8.99,8.99,8.99,0,0.0,0
2016-04-05,8.99,8.99,8.99,8.99,0,0.0,0
2016-04-06,8.99,8.99,8.99,8.99,0,0.0,0
2016-04-07,9.31,9.31,9.31,9.31,400,0.0,0
2016-04-08,9.31,9.31,9.31,9.31,0,0.0,0
2016-04-11,9.44,9.44,9.44,9.44,1800,0.0,0
2016-04-12,9.44,9.44,9.44,9.44,0,0.0,0
2016-04-13,9.44,9.44,9.44,9.44,0,0.0,0
2016-04-14,9.44,9.44,9.44,9.44,0,0.0,0
2016-04-15,9.44,9.44,9.44,9.44,0,0.0,0
2016-04-18,9.44,9.44,9.44,9.44,0,0.0,0
2016-04-19,9.44,9.44,9.44,9.44,10000,0.0,0
2016-04-20,9.44,9.44,9.44,9.44,0,0.0,0
2016-04-21,9.44,9.44,9.44,9.44,0,0.0,0
2016-04-22,9.44,9.44,9.44,9.44,0,0.0,0
2016-04-25,9.44,9.44,9.44,9.44,0,0.0,0
2016-04-26,9.44,9.44,9.44,9.44,0,0.0,0
2016-04-27,9.44,9.44,9.44,9.44,0,0.0,0
2016-04-28,9.44,9.44,9.44,9.44,4400,0.0,0
2016-04-29,9.44,9.44,9.44,9.44,0,0.0,0
2016-05-02,9.44,9.44,9.44,9.44,0,0.0,0
2016-05-03,9.44,9.44,9.44,9.44,7000,0.0,0
2016-05-04,10.09,10.09,10.09,10.09,36000,0.0,0
2016-05-05,10.09,10.09,10.09,10.09,0,0.0,0
2016-05-06,10.09,10.09,10.09,10.09,0,0.0,0
2016-05-09,10.09,10.09,10.09,10.09,0,0.0,0
2016-05-10,10.09,10.09,10.09,10.09,0,0.0,0
2016-05-11,10.09,10.09,10.09,10.09,0,0.0,0
2016-05-12,10.09,10.09,10.09,10.09,0,0.0,0
2016-05-13,10.09,10.09,10.09,10.09,0,0.0,0
2016-05-16,10.09,10.09,10.09,10.09,0,0.0,0
2016-05-17,10.09,10.09,10.09,10.09,0,0.0,0
2016-05-18,10.09,10.09,10.09,10.09,0,0.0,0
2016-05-19,10.09,10.09,10.09,10.09,0,0.0,0
2016-05-20,10.09,10.09,10.09,10.09,0,0.0,0
2016-05-23,10.09,10.09,10.09,10.09,0,0.0,0
2016-05-24,10.09,10.09,10.09,10.09,0,0.0,0
2016-05-25,10.09,10.09,10.09,10.09,0,0.0,0
2016-05-26,10.09,10.09,10.09,10.09,0,0.0,0
2016-05-27,10.09,10.09,10.09,10.09,0,0.0,0
2016-05-31,10.09,10.09,10.09,10.09,0,0.0,0
2016-06-01,10.09,10.09,10.09,10.09,0,0.0,0
2016-06-02,10.09,10.09,10.09,10.09,0,0.0,0
2016-06-03,10.09,10.09,10.09,10.09,0,0.0,0
2016-06-06,10.09,10.09,10.09,10.09,0,0.0,0
2016-06-07,10.23,10.23,10.23,10.23,1300,0.0,0
2016-06-08,10.23,10.23,10.23,10.23,0,0.0,0
2016-06-09,9.6,9.6,9.6,9.6,200,0.0,0
2016-06-10,9.6,9.6,9.6,9.6,0,0.0,0
2016-06-13,9.6,9.6,9.6,9.6,0,0.0,0
2016-06-14,9.6,9.6,9.6,9.6,0,0.0,0
2016-06-15,9.6,9.6,9.6,9.6,0,0.0,0
2016-06-16,9.6,9.6,9.6,9.6,0,0.0,0
2016-06-17,9.6,9.6,9.6,9.6,0,0.0,0
2016-06-20,9.6,9.6,9.6,9.6,0,0.0,0
2016-06-21,9.6,9.6,9.6,9.6,0,0.0,0
2016-06-22,9.6,9.6,9.6,9.6,0,0.0,0
2016-06-23,9.6,9.6,9.6,9.6,0,0.0,0
2016-06-24,9.6,9.6,9.6,9.6,0,0.0,0
2016-06-27,9.6,9.6,9.6,9.6,0,0.0,0
2016-06-28,9.6,9.6,9.6,9.6,0,0.0,0
2016-06-29,9.6,9.6,9.6,9.6,0,0.0,0
2016-06-30,9.6,9.6,9.6,9.6,0,0.0,0
2016-07-01,9.53,9.53,9.53,9.53,200,0.0,0
2016-07-05,9.53,9.53,9.53,9.53,0,0.0,0
2016-07-06,9.53,9.53,9.53,9.53,0,0.0,0
2016-07-07,9.53,9.53,9.53,9.53,0,0.0,0
2016-07-08,9.53,9.53,9.53,9.53,0,0.0,0
2016-07-11,9.53,9.53,9.53,9.53,0,0.0,0
2016-07-12,9.53,9.53,9.53,9.53,0,0.0,0
2016-07-13,9.53,9.53,9.53,9.53,0,0.0,0
2016-07-14,9.53,9.53,9.53,9.53,0,0.0,0
2016-07-15,9.53,9.53,9.53,9.53,0,0.0,0
2016-07-18,9.53,9.53,9.53,9.53,0,0.0,0
2016-07-19,9.53,9.53,9.53,9.53,0,0.0,0
2016-07-20,9.53,9.53,9.53,9.53,0,0.0,0
2016-07-21,9.53,9.53,9.53,9.53,0,0.0,0
2016-07-22,9.53,9.53,9.53,9.53,0,0.0,0
2016-07-25,9.53,9.53,9.53,9.53,0,0.0,0
2016-07-26,9.53,9.53,9.53,9.53,0,0.0,0
2016-07-27,9.53,9.53,9.53,9.53,0,0.0,0
2016-07-28,9.66,9.66,9.66,9.66,9100,0.0,0
2016-07-29,9.66,9.66,9.66,9.66,0,0.0,0
2016-08-01,9.66,9.66,9.66,9.66,0,0.0,0
2016-08-02,9.66,9.66,9.66,9.66,0,0.0,0
2016-08-03,9.66,9.66,9.66,9.66,0,0.0,0
2016-08-04,9.66,9.66,9.66,9.66,0,0.0,0
2016-08-05,9.66,9.66,9.66,9.66,0,0.0,0
2016-08-08,9.66,9.66,9.66,9.66,0,0.0,0
2016-08-09,9.66,9.66,9.66,9.66,0,0.0,0
2016-08-10,9.66,9.66,9.66,9.66,0,0.0,0
2016-08-11,9.66,9.66,9.66,9.66,0,0.0,0
2016-08-12,9.66,9.66,9.66,9.66,0,0.0,0
2016-08-15,9.66,9.66,9.66,9.66,0,0.0,0
2016-08-16,9.66,9.66,9.66,9.66,0,0.0,0
2016-08-17,10.05,10.05,10.05,10.05,700,0.0,0
2016-08-18,10.05,10.05,10.05,10.05,0,0.0,0
2016-08-19,10.05,10.05,10.05,10.05,0,0.0,0
2016-08-22,10.05,10.05,10.05,10.05,0,0.0,0
2016-08-23,10.05,10.05,10.05,10.05,0,0.0,0
2016-08-24,10.05,10.05,10.05,10.05,0,0.0,0
2016-08-25,10.05,10.05,10.05,10.05,0,0.0,0
2016-08-26,10.05,10.05,10.05,10.05,0,0.0,0
2016-08-29,10.05,10.05,10.05,10.05,0,0.0,0
2016-08-30,10.05,10.05,10.05,10.05,0,0.0,0
2016-08-31,10.05,10.05,10.05,10.05,0,0.0,0
2016-09-01,10.05,10.05,10.05,10.05,0,0.0,0
2016-09-02,10.05,10.05,10.05,10.05,0,0.0,0
2016-09-06,10.24,10.24,10.24,10.24,0,0.22,0
2016-09-07,10.24,10.24,10.24,10.24,0,0.0,0
2016-09-08,10.24,10.24,10.24,10.24,0,0.0,0
2016-09-09,10.24,10.24,10.24,10.24,0,0.0,0
2016-09-12,10.24,10.24,10.24,10.24,0,0.0,0
2016-09-13,10.24,10.24,10.24,10.24,0,0.0,0
2016-09-14,10.24,10.24,10.24,10.24,0,0.0,0
2016-09-15,10.24,10.24,10.24,10.24,0,0.0,0
2016-09-16,10.24,10.24,10.24,10.24,0,0.0,0
2016-09-19,10.24,10.24,10.24,10.24,0,0.0,0
2016-09-20,10.24,10.24,10.24,10.24,0,0.0,0
2016-09-21,10.24,10.24,10.24,10.24,0,0.0,0
2016-09-22,10.24,10.24,10.24,10.24,0,0.0,0
2016-09-23,10.24,10.24,10.24,10.24,0,0.0,0
2016-09-26,10.24,10.24,10.24,10.24,0,0.0,0
2016-09-27,10.24,10.24,10.24,10.24,0,0.0,0
2016-09-28,10.24,10.24,10.24,10.24,0,0.0,0
2016-09-29,10.24,10.24,10.24,10.24,0,0.0,0
2016-09-30,10.24,10.24,10.24,10.24,0,0.0,0
2016-10-03,10.24,10.24,10.24,10.24,0,0.0,0
2016-10-04,10.24,10.24,10.24,10.24,0,0.0,0
2016-10-05,10.24,10.24,10.24,10.24,15000,0.0,0
2016-10-06,10.24,10.24,10.24,10.24,25000,0.0,0
2016-10-07,10.24,10.24,10.24,10.24,0,0.0,0
2016-10-10,10.24,10.24,10.24,10.24,0,0.0,0
2016-10-11,10.24,10.24,10.24,10.24,0,0.0,0
2016-10-12,10.24,10.24,10.24,10.24,0,0.0,0
2016-10-13,10.24,10.24,10.24,10.24,0,0.0,0
2016-10-14,10.24,10.24,10.24,10.24,10000,0.0,0
2016-10-17,10.24,10.24,10.24,10.24,10000,0.0,0
2016-10-18,10.24,10.24,10.24,10.24,0,0.0,0
2016-10-19,10.24,10.24,10.24,10.24,0,0.0,0
2016-10-20,10.24,10.24,10.24,10.24,0,0.0,0
2016-10-21,10.24,10.24,10.24,10.24,0,0.0,0
2016-10-24,10.24,10.24,10.24,10.24,0,0.0,0
2016-10-25,10.24,10.24,10.24,10.24,0,0.0,0
2016-10-26,10.24,10.24,10.24,10.24,0,0.0,0
2016-10-27,10.24,10.24,10.24,10.24,0,0.0,0
2016-10-28,10.24,10.24,10.24,10.24,0,0.0,0
2016-10-31,10.24,10.24,10.24,10.24,0,0.0,0
2016-11-01,10.24,10.24,10.24,10.24,0,0.0,0
2016-11-02,10.24,10.24,10.24,10.24,0,0.0,0
2016-11-03,10.24,10.24,10.24,10.24,0,0.0,0
2016-11-04,10.24,10.24,10.24,10.24,0,0.0,0
2016-11-07,10.24,10.24,10.24,10.24,0,0.0,0
2016-11-08,10.24,10.24,10.24,10.24,0,0.0,0
2016-11-09,10.24,10.24,10.24,10.24,0,0.0,0
2016-11-10,10.24,10.24,10.24,10.24,0,0.0,0
2016-11-11,10.24,10.24,10.24,10.24,0,0.0,0
2016-11-14,10.24,10.24,10.24,10.24,0,0.0,0
2016-11-15,10.24,10.24,10.24,10.24,0,0.0,0
2016-11-16,10.24,10.24,10.24,10.24,0,0.0,0
2016-11-17,10.24,10.24,10.24,10.24,0,0.0,0
2016-11-18,10.24,10.24,10.24,10.24,0,0.0,0
2016-11-21,10.24,10.24,10.24,10.24,0,0.0,0
2016-11-22,10.24,10.24,10.24,10.24,0,0.0,0
2016-11-23,10.24,10.24,10.24,10.24,0,0.0,0
2016-11-25,10.24,10.24,10.24,10.24,0,0.0,0
2016-11-28,10.24,10.24,10.24,10.24,0,0.0,0
2016-11-29,10.24,10.24,10.24,10.24,0,0.0,0
2016-11-30,10.24,10.24,10.24,10.24,0,0.0,0
2016-12-01,10.24,10.24,10.24,10.24,0,0.0,0
2016-12-02,10.24,10.24,10.24,10.24,0,0.0,0
2016-12-05,10.24,10.24,10.24,10.24,0,0.0,0
2016-12-06,10.24,10.24,10.24,10.24,0,0.0,0
2016-12-07,10.24,10.24,10.24,10.24,0,0.0,0
2016-12-08,10.24,10.24,10.24,10.24,0,0.0,0
2016-12-09,9.48,9.48,9.48,9.48,200,0.0,0
2016-12-12,9.48,9.48,9.48,9.48,0,0.0,0
2016-12-13,9.3,9.3,9.3,9.3,100,0.0,0
2016-12-14,9.3,9.3,9.3,9.3,6400,0.0,0
2016-12-15,9.3,9.3,9.3,9.3,0,0.0,0
2016-12-16,9.3,9.3,9.3,9.3,0,0.0,0
2016-12-19,9.3,9.3,9.3,9.3,0,0.0,0
2016-12-20,9.3,9.3,9.3,9.3,0,0.0,0
2016-12-21,9.3,9.3,9.3,9.3,0,0.0,0
2016-12-22,9.3,9.3,9.3,9.3,0,0.0,0
2016-12-23,9.3,9.3,9.3,9.3,0,0.0,0
2016-12-27,9.3,9.3,9.3,9.3,0,0.0,0
2016-12-28,9.3,9.3,9.3,9.3,0,0.0,0
2016-12-29,9.3,9.3,9.3,9.3,0,0.0,0
2016-12-30,9.3,9.3,9.3,9.3,0,0.0,0
2017-01-03,9.3,9.3,9.3,9.3,0,0.0,0
2017-01-04,9.3,9.3,9.3,9.3,0,0.0,0
2017-01-05,9.3,9.3,9.3,9.3,0,0.0,0
2017-01-06,9.3,9.3,9.3,9.3,0,0.0,0
2017-01-09,9.3,9.3,9.3,9.3,0,0.0,0
2017-01-10,9.3,9.3,9.3,9.3,0,0.0,0
2017-01-11,9.3,9.3,9.3,9.3,0,0.0,0
2017-01-12,9.3,9.3,9.3,9.3,0,0.0,0
2017-01-13,9.3,9.3,9.3,9.3,0,0.0,0
2017-01-17,9.3,9.3,9.3,9.3,0,0.0,0
2017-01-18,9.3,9.3,9.3,9.3,0,0.0,0
2017-01-19,9.3,9.3,9.3,9.3,0,0.0,0
2017-01-20,9.3,9.3,9.3,9.3,0,0.0,0
2017-01-23,9.3,9.3,9.3,9.3,0,0.0,0
2017-01-24,9.3,9.3,9.3,9.3,0,0.0,0
2017-01-25,9.3,9.3,9.3,9.3,0,0.0,0
2017-01-26,9.3,9.3,9.3,9.3,0,0.0,0
2017-01-27,9.3,9.3,9.3,9.3,0,0.0,0
2017-01-30,9.3,9.3,9.3,9.3,0,0.0,0
2017-01-31,9.3,9.3,9.3,9.3,0,0.0,0
2017-02-01,9.3,9.3,9.3,9.3,0,0.0,0
2017-02-02,9.3,9.3,9.3,9.3,0,0.0,0
2017-02-03,9.3,9.3,9.3,9.3,0,0.0,0
2017-02-06,9.3,9.3,9.3,9.3,0,0.0,0
2017-02-07,9.3,9.3,9.3,9.3,0,0.0,0
2017-02-08,9.3,9.3,9.3,9.3,0,0.0,0
2017-02-09,9.3,9.3,9.3,9.3,0,0.0,0
2017-02-10,9.3,9.3,9.3,9.3,0,0.0,0
2017-02-13,9.3,9.3,9.3,9.3,0,0.0,0
2017-02-14,9.3,9.3,9.3,9.3,0,0.0,0
2017-02-15,9.3,9.3,9.3,9.3,0,0.0,0
2017-02-16,9.3,9.3,9.3,9.3,0,0.0,0
2017-02-17,9.3,9.3,9.3,9.3,0,0.0,0
2017-02-21,9.3,9.3,9.3,9.3,0,0.0,0
2017-02-22,9.3,9.3,9.3,9.3,0,0.0,0
2017-02-23,9.3,9.3,9.3,9.3,0,0.0,0
2017-02-24,9.48,9.48,9.48,9.48,0,0.198,0
2017-02-27,9.48,9.48,9.48,9.48,0,0.0,0
2017-02-28,9.48,9.48,9.48,9.48,0,0.0,0
2017-03-01,9.48,9.48,9.48,9.48,0,0.0,0
2017-03-02,9.48,9.48,9.48,9.48,0,0.0,0
2017-03-03,9.48,9.48,9.48,9.48,0,0.0,0
2017-03-06,9.48,9.48,9.48,9.48,0,0.0,0
2017-03-07,9.56,9.56,9.56,9.56,100,0.0,0
2017-03-08,9.56,9.56,9.56,9.56,0,0.0,0
2017-03-09,9.42,9.42,9.42,9.42,900,0.0,0
2017-03-10,9.42,9.42,9.42,9.42,0,0.0,0
2017-03-13,9.42,9.42,9.42,9.42,0,0.0,0
2017-03-14,9.42,9.42,9.42,9.42,0,0.0,0
2017-03-15,9.42,9.42,9.42,9.42,0,0.0,0
2017-03-16,9.72,9.72,9.72,9.72,1700,0.0,0
2017-03-17,9.72,9.72,9.72,9.72,0,0.0,0
2017-03-20,9.72,9.72,9.72,9.72,0,0.0,0
2017-03-21,9.97,9.97,9.97,9.97,200,0.0,0
2017-03-22,9.97,9.97,9.97,9.97,5000,0.0,0
2017-03-23,9.97,9.97,9.97,9.97,0,0.0,0
2017-03-24,9.97,9.97,9.97,9.97,5000,0.0,0
2017-03-27,10.25,10.25,10.25,10.25,400,0.0,0
2017-03-28,10.25,10.25,10.25,10.25,0,0.0,0
2017-03-29,10.25,10.25,10.25,10.25,0,0.0,0
2017-03-30,10.3,10.3,10.3,10.3,5000,0.0,0
2017-03-31,10.3,10.3,10.3,10.3,0,0.0,0
2017-04-03,10.3,10.3,10.3,10.3,0,0.0,0
2017-04-04,10.3,10.3,10.3,10.3,0,0.0,0
2017-04-05,10.3,10.3,10.3,10.3,0,0.0,0
2017-04-06,10.03,10.03,10.03,10.03,1400,0.0,0
2017-04-07,10.03,10.03,10.03,10.03,1800,0.0,0
2017-04-10,10.03,10.03,10.03,10.03,0,0.0,0
2017-04-11,10.03,10.03,10.03,10.03,0,0.0,0
2017-04-12,10.03,10.03,10.03,10.03,0,0.0,0
2017-04-13,10.03,10.03,10.03,10.03,0,0.0,0
2017-04-17,10.03,10.03,10.03,10.03,0,0.0,0
2017-04-18,10.03,10.03,10.03,10.03,0,0.0,0
2017-04-19,10.03,10.03,10.03,10.03,0,0.0,0
2017-04-20,10.03,10.03,10.03,10.03,0,0.0,0
2017-04-21,10.03,10.03,10.03,10.03,0,0.0,0
2017-04-24,10.03,10.03,10.03,10.03,0,0.0,0
2017-04-25,10.03,10.03,10.03,10.03,0,0.0,0
2017-04-26,10.44,10.44,10.44,10.44,700,0.0,0
2017-04-27,10.44,10.44,10.44,10.44,0,0.0,0
2017-04-28,10.34,10.34,10.34,10.34,400,0.0,0
2017-05-01,10.34,10.34,10.34,10.34,0,0.0,0
2017-05-02,10.34,10.34,10.34,10.34,5000,0.0,0
2017-05-03,10.34,10.34,10.34,10.34,0,0.0,0
2017-05-04,10.34,10.34,10.34,10.34,0,0.0,0
2017-05-05,10.34,10.34,10.34,10.34,0,0.0,0
2017-05-08,10.34,10.34,10.34,10.34,0,0.0,0
2017-05-09,10.34,10.34,10.34,10.34,0,0.0,0
2017-05-10,10.08,10.08,10.08,10.08,100,0.0,0
2017-05-11,10.08,10.08,10.08,10.08,0,0.0,0
2017-05-12,10.08,10.08,10.08,10.08,0,0.0,0
2017-05-15,10.08,10.08,10.08,10.08,0,0.0,0
2017-05-16,10.08,10.08,10.08,10.08,0,0.0,0
2017-05-17,10.08,10.08,10.08,10.08,0,0.0,0
2017-05-18,9.81,9.81,9.81,9.81,2200,0.0,0
2017-05-19,9.81,9.81,9.81,9.81,0,0.0,0
2017-05-22,9.81,9.81,9.81,9.81,0,0.0,0
2017-05-23,9.81,9.81,9.81,9.81,10000,0.0,0
2017-05-24,9.81,9.81,9.81,9.81,0,0.0,0
2017-05-25,9.81,9.81,9.81,9.81,0,0.0,0
2017-05-26,9.81,9.81,9.81,9.81,0,0.0,0
2017-05-30,9.81,9.81,9.81,9.81,0,0.0,0
2017-05-31,9.81,9.81,9.81,9.81,0,0.0,0
2017-06-01,10.25,10.25,10.25,10.25,20100,0.0,0
2017-06-02,10.47,10.47,10.47,10.47,100,0.0,0
2017-06-05,10.47,10.47,10.47,10.47,0,0.0,0
2017-06-06,10.47,10.47,10.47,10.47,0,0.0,0
2017-06-07,10.52,10.52,10.52,10.52,1000,0.0,0
2017-06-08,10.52,10.52,10.52,10.52,4800,0.0,0
2017-06-09,10.52,10.52,10.52,10.52,0,0.0,0
2017-06-12,10.52,10.52,10.52,10.52,0,0.0,0
2017-06-13,10.52,10.52,10.52,10.52,5200,0.0,0
2017-06-14,10.52,10.52,10.52,10.52,0,0.0,0
2017-06-15,10.74,10.74,10.74,10.74,200,0.0,0
2017-06-16,10.74,10.74,10.74,10.74,0,0.0,0
2017-06-19,10.74,10.74,10.74,10.74,0,0.0,0
2017-06-20,10.74,10.74,10.74,10.74,0,0.0,0
2017-06-21,10.74,10.74,10.74,10.74,0,0.0,0
2017-06-22,10.74,10.74,10.74,10.74,0,0.0,0
2017-06-23,10.74,10.74,10.74,10.74,0,0.0,0
2017-06-26,10.74,10.74,10.74,10.74,0,0.0,0
2017-06-27,10.74,10.74,10.74,10.74,0,0.0,0
2017-06-28,10.74,10.74,10.74,10.74,0,0.0,0
2017-06-29,11.41,11.41,11.08,11.08,13900,0.0,0
2017-06-30,11.08,11.08,11.08,11.08,30900,0.0,0
2017-07-03,11.08,11.08,11.08,11.08,0,0.0,0
2017-07-05,11.08,11.08,11.08,11.08,0,0.0,0
2017-07-06,11.08,11.08,11.08,11.08,0,0.0,0
2017-07-07,11.08,11.08,11.08,11.08,0,0.0,0
2017-07-10,11.08,11.08,11.08,11.08,0,0.0,0
2017-07-11,11.08,11.08,11.08,11.08,0,0.0,0
2017-07-12,11.08,11.08,11.08,11.08,0,0.0,0
2017-07-13,10.83,10.83,10.83,10.83,100,0.0,0
2017-07-14,10.83,10.83,10.83,10.83,0,0.0,0
2017-07-17,10.83,10.83,10.83,10.83,0,0.0,0
2017-07-18,10.83,10.83,10.83,10.83,0,0.0,0
2017-07-19,10.83,10.83,10.83,10.83,0,0.0,0
2017-07-20,10.83,10.83,10.83,10.83,0,0.0,0
2017-07-21,10.83,10.83,10.83,10.83,0,0.0,0
2017-07-24,10.83,10.83,10.83,10.83,0,0.0,0
2017-07-25,10.83,10.83,10.83,10.83,0,0.0,0
2017-07-26,10.83,10.83,10.83,10.83,0,0.0,0
2017-07-27,10.96,10.96,10.96,10.96,2100,0.0,0
2017-07-28,10.96,10.96,10.96,10.96,0,0.0,0
2017-07-31,10.96,10.96,10.96,10.96,0,0.0,0
2017-08-01,10.96,10.96,10.96,10.96,0,0.0,0
2017-08-02,10.96,10.96,10.96,10.96,0,0.0,0
2017-08-03,10.96,10.96,10.96,10.96,0,0.0,0
2017-08-04,10.96,10.96,10.96,10.96,0,0.0,0
2017-08-07,10.96,10.96,10.96,10.96,0,0.0,0
2017-08-08,10.96,10.96,10.96,10.96,0,0.0,0
2017-08-09,10.96,10.96,10.96,10.96,0,0.0,0
2017-08-10,10.96,10.96,10.96,10.96,0,0.0,0
2017-08-11,10.96,10.96,10.96,10.96,0,0.0,0
2017-08-14,10.96,10.96,10.96,10.96,0,0.0,0
2017-08-15,10.96,10.96,10.96,10.96,0,0.0,0
2017-08-16,10.96,10.96,10.96,10.96,0,0.0,0
2017-08-17,10.96,10.96,10.96,10.96,0,0.0,0
2017-08-18,11.23,11.23,11.23,11.23,600,0.0,0
2017-08-21,11.14,11.14,11.14,11.14,100,0.0,0
2017-08-22,11.38,11.38,11.38,11.38,42000,0.0,0
2017-08-23,11.38,11.38,11.38,11.38,0,0.0,0
2017-08-24,11.38,11.38,11.38,11.38,0,0.0,0
2017-08-25,11.38,11.38,11.38,11.38,0,0.0,0
2017-08-28,11.38,11.38,11.38,11.38,0,0.0,0
2017-08-29,11.38,11.38,11.38,11.38,0,0.0,0
2017-08-30,11.38,11.38,11.38,11.38,0,0.0,0
2017-08-31,11.38,11.38,11.38,11.38,0,0.0,0
2017-09-01,11.38,11.38,11.38,11.38,0,0.0,0
2017-09-05,11.6,11.6,11.6,11.6,0,0.238,0
2017-09-06,11.6,11.6,11.6,11.6,0,0.0,0
2017-09-07,11.6,11.6,11.6,11.6,0,0.0,0
2017-09-08,11.6,11.6,11.6,11.6,0,0.0,0
2017-09-11,11.6,11.6,11.6,11.6,0,0.0,0
2017-09-12,11.6,11.6,11.6,11.6,0,0.0,0
2017-09-13,11.6,11.6,11.6,11.6,0,0.0,0
2017-09-14,11.6,11.6,11.6,11.6,0,0.0,0
2017-09-15,11.6,11.6,11.6,11.6,0,0.0,0
2017-09-18,11.6,11.6,11.6,11.6,0,0.0,0
2017-09-19,11.6,11.6,11.6,11.6,0,0.0,0
2017-09-20,11.6,11.6,11.6,11.6,0,0.0,0
2017-09-21,11.6,11.6,11.6,11.6,0,0.0,0
2017-09-22,11.6,11.6,11.6,11.6,0,0.0,0
2017-09-25,11.6,11.6,11.6,11.6,0,0.0,0
2017-09-26,11.6,11.6,11.6,11.6,0,0.0,0
2017-09-27,10.94,10.95,10.94,10.95,33200,0.0,0
2017-09-28,10.95,10.95,10.95,10.95,0,0.0,0
2017-09-29,10.95,10.95,10.95,10.95,0,0.0,0
2017-10-02,10.95,10.95,10.95,10.95,0,0.0,0
2017-10-03,10.95,10.95,10.95,10.95,10000,0.0,0
2017-10-04,10.95,10.95,10.95,10.95,0,0.0,0
2017-10-05,10.95,10.95,10.95,10.95,0,0.0,0
2017-10-06,10.95,10.95,10.95,10.95,10000,0.0,0
2017-10-09,10.95,10.95,10.95,10.95,10000,0.0,0
2017-10-10,10.95,10.95,10.95,10.95,10000,0.0,0
2017-10-11,10.95,10.95,10.95,10.95,10000,0.0,0
2017-10-12,10.95,10.95,10.95,10.95,0,0.0,0
2017-10-13,10.95,10.95,10.95,10.95,10000,0.0,0
2017-10-16,10.95,10.95,10.95,10.95,0,0.0,0
2017-10-17,10.95,10.95,10.95,10.95,10000,0.0,0
2017-10-18,10.95,10.95,10.95,10.95,0,0.0,0
2017-10-19,10.95,10.95,10.95,10.95,0,0.0,0
2017-10-20,10.95,10.95,10.95,10.95,0,0.0,0
2017-10-23,10.95,10.95,10.95,10.95,0,0.0,0
2017-10-24,10.95,10.95,10.95,10.95,0,0.0,0
2017-10-25,10.95,10.95,10.95,10.95,0,0.0,0
2017-10-26,10.95,10.95,10.95,10.95,0,0.0,0
2017-10-27,10.95,10.95,10.95,10.95,0,0.0,0
2017-10-30,10.95,10.95,10.95,10.95,0,0.0,0
2017-10-31,10.95,10.95,10.95,10.95,0,0.0,0
2017-11-01,10.95,10.95,10.95,10.95,0,0.0,0
2017-11-02,10.95,10.95,10.95,10.95,0,0.0,0
2017-11-03,10.95,10.95,10.95,10.95,0,0.0,0
2017-11-06,10.95,10.95,10.95,10.95,0,0.0,0
2017-11-07,10.95,10.95,10.95,10.95,0,0.0,0
2017-11-08,10.95,10.95,10.95,10.95,0,0.0,0
2017-11-09,10.95,10.95,10.95,10.95,0,0.0,0
2017-11-10,10.95,10.95,10.95,10.95,0,0.0,0
2017-11-13,10.95,10.95,10.95,10.95,0,0.0,0
2017-11-14,10.95,10.95,10.95,10.95,0,0.0,0
2017-11-15,10.95,10.95,10.95,10.95,0,0.0,0
2017-11-16,10.33,10.33,10.33,10.33,1000,0.0,0
2017-11-17,10.33,10.33,10.33,10.33,0,0.0,0
2017-11-20,10.33,10.33,10.33,10.33,0,0.0,0
2017-11-21,10.33,10.33,10.33,10.33,0,0.0,0
2017-11-22,10.33,10.33,10.33,10.33,2600,0.0,0
2017-11-24,10.33,10.33,10.33,10.33,0,0.0,0
2017-11-27,10.33,10.33,10.33,10.33,0,0.0,0
2017-11-28,10.33,10.33,10.33,10.33,0,0.0,0
2017-11-29,10.26,10.26,10.26,10.26,1500,0.0,0
2017-11-30,10.26,10.26,10.26,10.26,0,0.0,0
2017-12-01,10.26,10.26,10.26,10.26,0,0.0,0
2017-12-04,10.26,10.26,10.26,10.26,0,0.0,0
2017-12-05,10.26,10.26,10.26,10.26,0,0.0,0
2017-12-06,10.26,10.26,10.26,10.26,0,0.0,0
2017-12-07,10.26,10.26,10.26,10.26,5700,0.0,0
2017-12-08,10.26,10.26,10.26,10.26,0,0.0,0
2017-12-11,10.26,10.26,10.26,10.26,0,0.0,0
2017-12-12,10.26,10.26,10.26,10.26,0,0.0,0
2017-12-13,10.26,10.26,10.26,10.26,0,0.0,0
2017-12-14,10.26,10.26,10.26,10.26,0,0.0,0
2017-12-15,10.26,10.26,10.26,10.26,0,0.0,0
2017-12-18,10.26,10.26,10.26,10.26,0,0.0,0
2017-12-19,10.26,10.26,10.26,10.26,0,0.0,0
2017-12-20,10.26,10.26,10.26,10.26,0,0.0,0
2017-12-21,10.26,10.26,10.26,10.26,0,0.0,0
2017-12-22,10.26,10.26,10.26,10.26,0,0.0,0
2017-12-26,10.72,10.72,10.72,10.72,22500,0.0,0
2017-12-27,10.72,10.72,10.72,10.72,0,0.0,0
2017-12-28,10.72,10.72,10.72,10.72,0,0.0,0
2017-12-29,10.72,10.72,10.72,10.72,0,0.0,0
2018-01-02,10.72,10.72,10.72,10.72,0,0.0,0
2018-01-03,10.72,10.72,10.72,10.72,0,0.0,0
2018-01-04,10.72,10.72,10.72,10.72,0,0.0,0
2018-01-05,10.72,10.72,10.72,10.72,0,0.0,0
2018-01-08,10.72,10.72,10.72,10.72,0,0.0,0
2018-01-09,10.72,10.72,10.72,10.72,0,0.0,0
2018-01-10,10.72,10.72,10.72,10.72,0,0.0,0
2018-01-11,10.72,10.72,10.72,10.72,0,0.0,0
2018-01-12,10.72,10.72,10.72,10.72,0,0.0,0
2018-01-16,10.72,10.72,10.72,10.72,0,0.0,0
2018-01-17,10.54,10.54,10.54,10.54,500,0.0,0
2018-01-18,10.54,10.54,10.54,10.54,0,0.0,0
2018-01-19,10.54,10.54,10.54,10.54,0,0.0,0
2018-01-22,10.54,10.54,10.54,10.54,0,0.0,0
2018-01-23,10.53,10.53,10.53,10.53,100,0.0,0
2018-01-24,10.67,10.67,10.67,10.67,8900,0.0,0
2018-01-25,10.67,10.67,10.67,10.67,0,0.0,0
2018-01-26,10.67,10.67,10.67,10.67,0,0.0,0
2018-01-29,10.67,10.67,10.67,10.67,0,0.0,0
2018-01-30,10.67,10.67,10.67,10.67,0,0.0,0
2018-01-31,10.67,10.67,10.67,10.67,0,0.0,0
2018-02-01,10.67,10.67,10.67,10.67,0,0.0,0
2018-02-02,10.67,10.67,10.67,10.67,0,0.0,0
2018-02-05,10.67,10.67,10.67,10.67,0,0.0,0
2018-02-06,10.67,10.67,10.67,10.67,0,0.0,0
2018-02-07,10.67,10.67,10.67,10.67,0,0.0,0
2018-02-08,10.67,10.67,10.67,10.67,0,0.0,0
2018-02-09,10.67,10.67,10.67,10.67,0,0.0,0
2018-02-12,10.67,10.67,10.67,10.67,0,0.0,0
2018-02-13,10.39,10.39,10.39,10.39,10200,0.0,0
2018-02-14,10.39,10.39,10.39,10.39,0,0.0,0
2018-02-15,10.04,10.04,10.04,10.04,2500,0.0,0
2018-02-16,10.03,10.03,9.9,9.9,200,0.0,0
2018-02-20,9.9,9.9,9.9,9.9,0,0.0,0
2018-02-21,9.9,9.9,9.9,9.9,0,0.0,0
2018-02-22,9.9,9.9,9.9,9.9,0,0.0,0
2018-02-23,10.08,10.09,10.08,10.09,9900,0.0,0
2018-02-26,10.09,10.09,10.09,10.09,0,0.0,0
2018-02-27,10.28,10.28,10.28,10.28,0,0.206,0
2018-02-28,10.28,10.28,10.28,10.28,0,0.0,0
2018-03-01,10.28,10.28,10.28,10.28,0,0.0,0
2018-03-02,9.94,9.94,9.94,9.94,100,0.0,0
2018-03-05,9.94,9.94,9.94,9.94,0,0.0,0
2018-03-06,9.94,9.94,9.94,9.94,0,0.0,0
2018-03-07,9.94,9.94,9.94,9.94,0,0.0,0
2018-03-08,9.94,9.94,9.94,9.94,0,0.0,0
2018-03-09,9.94,9.94,9.94,9.94,0,0.0,0
2018-03-12,9.94,9.94,9.94,9.94,0,0.0,0
2018-03-13,9.94,9.94,9.94,9.94,0,0.0,0
2018-03-14,9.94,9.94,9.94,9.94,0,0.0,0
2018-03-15,9.94,9.94,9.94,9.94,0,0.0,0
2018-03-16,10.2,10.2,10.2,10.2,14900,0.0,0
2018-03-19,10.2,10.2,10.2,10.2,0,0.0,0
2018-03-20,10.2,10.2,10.2,10.2,0,0.0,0
2018-03-21,10.2,10.2,10.2,10.2,0,0.0,0
2018-03-22,10.2,10.2,10.2,10.2,0,0.0,0
2018-03-23,10.2,10.2,10.2,10.2,3000,0.0,0
2018-03-26,10.2,10.2,10.2,10.2,0,0.0,0
2018-03-27,10.2,10.2,10.2,10.2,0,0.0,0
2018-03-28,9.95,9.95,9.95,9.95,200,0.0,0
2018-03-29,9.95,9.95,9.95,9.95,0,0.0,0
2018-04-02,9.95,9.95,9.95,9.95,0,0.0,0
2018-04-03,9.95,9.95,9.95,9.95,0,0.0,0
2018-04-04,9.95,9.95,9.95,9.95,0,0.0,0
2018-04-05,9.95,9.95,9.95,9.95,0,0.0,0
2018-04-06,9.76,9.76,9.76,9.76,100,0.0,0
2018-04-09,9.76,9.76,9.76,9.76,0,0.0,0
2018-04-10,9.95,9.95,9.95,9.95,59600,0.0,0
2018-04-11,9.95,9.95,9.95,9.95,0,0.0,0
2018-04-12,9.95,9.95,9.95,9.95,0,0.0,0
2018-04-13,9.95,9.95,9.95,9.95,0,0.0,0
2018-04-16,9.95,9.95,9.95,9.95,0,0.0,0
2018-04-17,10.11,10.11,10.11,10.11,160200,0.0,0
2018-04-18,10.04,10.04,10.04,10.04,100,0.0,0
2018-04-19,10.04,10.04,10.04,10.04,0,0.0,0
2018-04-20,10.04,10.04,10.04,10.04,0,0.0,0
2018-04-23,10.04,10.04,10.04,10.04,0,0.0,0
2018-04-24,10.04,10.04,10.04,10.04,0,0.0,0
2018-04-25,10.04,10.04,10.04,10.04,0,0.0,0
2018-04-26,10.04,10.04,10.04,10.04,0,0.0,0
2018-04-27,10.04,10.04,10.04,10.04,0,0.0,0
2018-04-30,10.04,10.04,10.04,10.04,0,0.0,0
2018-05-01,9.44,9.44,9.44,9.44,200,0.0,0
2018-05-02,9.44,9.44,9.44,9.44,0,0.0,0
2018-05-03,9.44,9.44,9.44,9.44,0,0.0,0
2018-05-04,9.44,9.44,9.44,9.44,0,0.0,0
2018-05-07,9.44,9.44,9.44,9.44,0,0.0,0
2018-05-08,9.44,9.44,9.44,9.44,0,0.0,0
2018-05-09,9.53,9.65,9.53,9.65,130100,0.0,0
2018-05-10,9.65,9.65,9.65,9.65,0,0.0,0
2018-05-11,9.64,9.64,9.64,9.64,50000,0.0,0
2018-05-14,9.64,9.64,9.64,9.64,0,0.0,0
2018-05-15,9.64,9.64,9.64,9.64,0,0.0,0
2018-05-16,9.64,9.64,9.64,9.64,0,0.0,0
2018-05-17,9.64,9.64,9.64,9.64,0,0.0,0
2018-05-18,9.64,9.64,9.64,9.64,0,0.0,0
2018-05-21,9.64,9.64,9.64,9.64,0,0.0,0
2018-05-22,9.64,9.64,9.64,9.64,0,0.0,0
2018-05-23,9.64,9.64,9.64,9.64,0,0.0,0
2018-05-24,9.64,9.64,9.64,9.64,0,0.0,0
2018-05-25,9.64,9.64,9.64,9.64,0,0.0,0
2018-05-29,9.64,9.64,9.64,9.64,0,0.0,0
2018-05-30,9.64,9.64,9.64,9.64,0,0.0,0
2018-05-31,9.64,9.64,9.64,9.64,0,0.0,0
2018-06-01,9.64,9.64,9.64,9.64,0,0.0,0
2018-06-04,9.64,9.64,9.64,9.64,0,0.0,0
2018-06-05,9.64,9.64,9.64,9.64,0,0.0,0
2018-06-06,9.64,9.64,9.64,9.64,0,0.0,0
2018-06-07,9.72,9.72,9.72,9.72,400,0.0,0
2018-06-08,9.72,9.72,9.72,9.72,0,0.0,0
2018-06-11,9.72,9.72,9.72,9.72,0,0.0,0
2018-06-12,9.72,9.72,9.72,9.72,0,0.0,0
2018-06-13,9.78,9.79,9.78,9.79,31800,0.0,0
2018-06-14,9.79,9.79,9.79,9.79,0,0.0,0
2018-06-15,9.39,9.39,9.39,9.39,100,0.0,0
2018-06-18,9.39,9.39,9.39,9.39,0,0.0,0
2018-06-19,9.54,9.54,9.25,9.25,400,0.0,0
2018-06-20,9.25,9.25,9.25,9.25,0,0.0,0
2018-06-21,9.25,9.25,9.25,9.25,0,0.0,0
2018-06-22,9.25,9.25,9.25,9.25,0,0.0,0
2018-06-25,9.25,9.25,9.25,9.25,0,0.0,0
2018-06-26,9.25,9.25,9.25,9.25,0,0.0,0
2018-06-27,9.9,9.9,9.9,9.9,500,0.0,0
2018-06-28,9.72,9.72,9.72,9.72,400,0.0,0
2018-06-29,9.72,9.72,9.72,9.72,0,0.0,0
2018-07-02,9.72,9.72,9.72,9.72,0,0.0,0
2018-07-03,9.39,9.39,9.39,9.39,900,0.0,0
2018-07-05,9.62,9.62,9.61,9.61,700,0.0,0
2018-07-06,9.67,9.67,9.67,9.67,100,0.0,0
2018-07-09,9.67,9.67,9.67,9.67,0,0.0,0
2018-07-10,9.67,9.67,9.67,9.67,0,0.0,0
2018-07-11,9.67,9.67,9.67,9.67,0,0.0,0
2018-07-12,9.75,9.75,9.75,9.75,17000,0.0,0
2018-07-13,9.75,9.75,9.75,9.75,0,0.0,0
2018-07-16,9.75,9.75,9.75,9.75,0,0.0,0
2018-07-17,9.75,9.75,9.75,9.75,0,0.0,0
2018-07-18,9.75,9.75,9.75,9.75,0,0.0,0
2018-07-19,9.75,9.75,9.75,9.75,0,0.0,0
2018-07-20,9.75,9.75,9.75,9.75,0,0.0,0
2018-07-23,9.75,9.75,9.75,9.75,0,0.0,0
2018-07-24,9.75,9.75,9.75,9.75,0,0.0,0
2018-07-25,9.75,9.75,9.75,9.75,0,0.0,0
2018-07-26,9.75,9.75,9.75,9.75,0,0.0,0
2018-07-27,9.75,9.75,9.75,9.75,0,0.0,0
2018-07-30,9.75,9.75,9.75,9.75,0,0.0,0
2018-07-31,10.27,10.27,10.27,10.27,100,0.0,0
2018-08-01,10.27,10.27,10.27,10.27,2700,0.0,0
2018-08-02,10.27,10.27,10.27,10.27,0,0.0,0
2018-08-03,10.27,10.27,10.27,10.27,0,0.0,0
2018-08-06,10.27,10.27,10.27,10.27,0,0.0,0
2018-08-07,10.27,10.27,10.27,10.27,0,0.0,0
2018-08-08,9.81,9.81,9.81,9.81,1000,0.0,0
2018-08-09,9.81,9.81,9.81,9.81,0,0.0,0
2018-08-10,9.53,9.53,9.53,9.53,2400,0.0,0
2018-08-13,9.53,9.53,9.53,9.53,0,0.0,0
2018-08-14,9.53,9.53,9.53,9.53,0,0.0,0
2018-08-15,9.53,9.53,9.53,9.53,0,0.0,0
2018-08-16,9.53,9.53,9.53,9.53,0,0.0,0
2018-08-17,9.53,9.53,9.53,9.53,0,0.0,0
2018-08-20,9.53,9.53,9.53,9.53,0,0.0,0
2018-08-21,9.62,9.62,9.62,9.62,500,0.0,0
2018-08-22,9.62,9.62,9.62,9.62,0,0.0,0
2018-08-23,9.62,9.62,9.62,9.62,0,0.0,0
2018-08-24,9.62,9.62,9.62,9.62,0,0.0,0
2018-08-27,9.62,9.62,9.62,9.62,0,0.0,0
2018-08-28,9.56,9.56,9.56,9.56,300,0.0,0
2018-08-29,9.56,9.56,9.56,9.56,0,0.0,0
2018-08-30,9.56,9.56,9.56,9.56,0,0.0,0
2018-08-31,9.56,9.56,9.56,9.56,0,0.0,0
2018-09-04,9.56,9.56,9.56,9.56,0,0.0,0
2018-09-05,9.56,9.56,9.56,9.56,0,0.0,0
2018-09-06,9.56,9.56,9.56,9.56,0,0.0,0
2018-09-07,9.78,9.78,9.78,9.78,0,0.235,0
2018-09-10,9.78,9.78,9.78,9.78,0,0.0,0
2018-09-11,9.33,9.33,9.33,9.33,200,0.0,0
2018-09-12,9.5,9.5,9.5,9.5,1300,0.0,0
2018-09-13,9.5,9.5,9.5,9.5,0,0.0,0
2018-09-14,9.5,9.5,9.5,9.5,0,0.0,0
2018-09-17,9.5,9.5,9.5,9.5,0,0.0,0
2018-09-18,9.5,9.5,9.5,9.5,0,0.0,0
2018-09-19,9.23,9.23,9.23,9.23,100,0.0,0
2018-09-20,9.23,9.23,9.23,9.23,0,0.0,0
2018-09-21,9.23,9.23,9.23,9.23,0,0.0,0
2018-09-24,9.23,9.23,9.23,9.23,0,0.0,0
2018-09-25,9.23,9.23,9.23,9.23,0,0.0,0
2018-09-26,9.23,9.38,9.23,9.38,6600,0.0,0
2018-09-27,9.42,9.42,9.42,9.42,200,0.0,0
2018-09-28,9.42,9.42,9.42,9.42,0,0.0,0
2018-10-01,9.38,9.38,9.38,9.38,400,0.0,0
2018-10-02,9.38,9.38,9.38,9.38,0,0.0,0
2018-10-03,9.04,9.04,9.04,9.04,100,0.0,0
2018-10-04,9.04,9.04,9.04,9.04,0,0.0,0
2018-10-05,8.9,8.9,8.9,8.9,9000,0.0,0
2018-10-08,8.9,8.9,8.9,8.9,0,0.0,0
2018-10-09,8.9,8.9,8.9,8.9,0,0.0,0
2018-10-10,8.89,8.89,8.72,8.72,700,0.0,0
2018-10-11,8.72,8.72,8.72,8.72,0,0.0,0
2018-10-12,8.72,8.72,8.72,8.72,0,0.0,0
2018-10-15,8.81,8.81,8.81,8.81,100,0.0,0
2018-10-16,8.81,8.81,8.81,8.81,0,0.0,0
2018-10-17,8.81,8.81,8.81,8.81,0,0.0,0
2018-10-18,8.81,8.81,8.81,8.81,0,0.0,0
2018-10-19,8.87,8.88,8.52,8.52,32100,0.0,0
2018-10-22,8.52,8.52,8.52,8.52,500,0.0,0
2018-10-23,8.52,8.52,8.52,8.52,0,0.0,0
2018-10-24,8.52,8.52,8.52,8.52,0,0.0,0
2018-10-25,8.52,8.52,8.52,8.52,100,0.0,0
2018-10-26,8.52,8.52,8.52,8.52,100,0.0,0
2018-10-29,8.52,8.52,8.52,8.52,0,0.0,0
2018-10-30,8.52,8.52,8.52,8.52,0,0.0,0
2018-10-31,8.52,8.52,8.52,8.52,300,0.0,0
2018-11-01,8.52,8.52,8.52,8.52,0,0.0,0
2018-11-02,8.52,8.52,8.52,8.52,100,0.0,0
2018-11-05,8.52,8.52,8.52,8.52,0,0.0,0
2018-11-06,9.08,9.08,9.08,9.08,14000,0.0,0
2018-11-07,9.08,9.08,9.08,9.08,0,0.0,0
2018-11-08,9.23,9.23,9.23,9.23,100,0.0,0
2018-11-09,9.19,9.19,9.19,9.19,500,0.0,0
2018-11-12,9.23,9.23,9.09,9.09,13900,0.0,0
2018-11-13,9.23,9.23,9.23,9.23,9300,0.0,0
2018-11-14,9.24,9.24,9.24,9.24,4600,0.0,0
2018-11-15,9.31,9.42,9.31,9.42,11300,0.0,0
2018-11-16,9.42,9.42,9.42,9.42,0,0.0,0
2018-11-19,9.42,9.42,9.42,9.42,100,0.0,0
2018-11-20,9.19,9.19,9.19,9.19,23100,0.0,0
2018-11-21,9.19,9.19,9.19,9.19,0,0.0,0
2018-11-23,9.19,9.19,9.19,9.19,100,0.0,0
2018-11-26,9.19,9.19,9.19,9.19,0,0.0,0
2018-11-27,9.19,9.19,9.19,9.19,0,0.0,0
2018-11-28,9.06,9.06,9.06,9.06,200,0.0,0
2018-11-29,9.34,9.34,9.34,9.34,17300,0.0,0
2018-11-30,9.34,9.34,9.34,9.34,0,0.0,0
2018-12-03,9.34,9.34,9.34,9.34,0,0.0,0
2018-12-04,9.34,9.34,9.34,9.34,0,0.0,0
2018-12-06,9.34,9.34,9.34,9.34,0,0.0,0
2018-12-07,9.34,9.34,9.34,9.34,0,0.0,0
2018-12-10,9.34,9.34,9.34,9.34,2000,0.0,0
2018-12-11,9.05,9.05,9.05,9.05,10200,0.0,0
2018-12-12,9.09,9.09,9.09,9.09,10200,0.0,0
2018-12-13,9.09,9.09,9.09,9.09,0,0.0,0
2018-12-14,9.09,9.09,9.09,9.09,0,0.0,0
2018-12-17,9.0,9.0,9.0,9.0,10200,0.0,0
2018-12-18,9.0,9.0,9.0,9.0,0,0.0,0
2018-12-19,9.0,9.0,9.0,9.0,100,0.0,0
2018-12-20,8.82,8.82,8.76,8.76,1000,0.0,0
2018-12-21,8.52,8.52,8.52,8.52,1530300,0.0,0
2018-12-24,8.52,8.52,8.52,8.52,0,0.0,0
2018-12-26,8.52,8.76,8.29,8.29,6000,0.0,0
2018-12-27,8.29,8.29,8.29,8.29,0,0.0,0
2018-12-28,8.81,8.81,8.81,8.81,200,0.0,0
2018-12-31,8.81,8.81,8.81,8.81,100,0.0,0
2019-01-02,8.81,8.81,8.81,8.81,0,0.0,0
2019-01-03,8.81,8.81,8.81,8.81,122000,0.0,0
2019-01-04,8.81,8.81,8.81,8.81,100,0.0,0
2019-01-07,9.01,9.01,9.0,9.0,36000,0.0,0
2019-01-08,8.94,8.94,8.94,8.94,10200,0.0,0
2019-01-09,8.95,8.95,8.95,8.95,17300,0.0,0
2019-01-10,9.01,9.01,9.01,9.01,300,0.0,0
2019-01-11,9.01,9.01,9.01,9.01,10300,0.0,0
2019-01-14,9.01,9.01,9.01,9.01,40400,0.0,0
2019-01-15,8.85,8.85,8.85,8.85,300,0.0,0
2019-01-16,8.85,8.85,8.85,8.85,0,0.0,0
2019-01-17,9.06,9.06,9.06,9.06,8000,0.0,0
2019-01-18,9.04,9.04,9.04,9.04,300,0.0,0
2019-01-22,9.04,9.04,9.04,9.04,100,0.0,0
2019-01-23,9.18,9.18,9.18,9.18,22600,0.0,0
2019-01-24,9.18,9.18,9.18,9.18,0,0.0,0
2019-01-25,9.18,9.18,9.18,9.18,0,0.0,0
2019-01-28,9.18,9.18,9.18,9.18,100,0.0,0
2019-01-29,9.18,9.18,9.18,9.18,0,0.0,0
2019-01-30,9.18,9.18,9.18,9.18,0,0.0,0
2019-01-31,9.18,9.18,9.18,9.18,0,0.0,0
2019-02-01,9.18,9.18,9.18,9.18,15300,0.0,0
2019-02-04,9.18,9.18,9.18,9.18,100,0.0,0
2019-02-05,9.56,9.56,9.56,9.56,15400,0.0,0
2019-02-06,9.56,9.56,9.56,9.56,0,0.0,0
2019-02-07,9.75,9.75,9.75,9.75,100,0.0,0
2019-02-08,9.75,9.75,9.75,9.75,100,0.0,0
2019-02-11,9.73,9.73,9.73,9.73,10100,0.0,0
2019-02-12,9.73,9.73,9.73,9.73,0,0.0,0
2019-02-13,9.73,9.73,9.73,9.73,0,0.0,0
2019-02-14,9.73,9.73,9.73,9.73,200,0.0,0
2019-02-15,9.73,9.73,9.73,9.73,10000,0.0,0
2019-02-19,9.73,9.73,9.73,9.73,100,0.0,0
2019-02-20,9.73,9.73,9.73,9.73,0,0.0,0
2019-02-21,9.73,9.73,9.73,9.73,0,0.0,0
2019-02-22,9.73,9.73,9.73,9.73,0,0.0,0
2019-02-25,10.13,10.13,10.13,10.13,200,0.0,0
2019-02-26,10.13,10.13,10.13,10.13,0,0.0,0
2019-02-27,10.13,10.13,10.13,10.13,0,0.0,0
2019-02-28,10.13,10.13,10.13,10.13,0,0.0,0
2019-03-01,10.13,10.13,10.13,10.13,100,0.0,0
2019-03-04,10.34,10.34,10.34,10.34,0,0.211,0
2019-03-05,9.95,9.95,9.95,9.95,100,0.0,0
2019-03-06,9.99,9.99,9.99,9.99,100,0.0,0
2019-03-07,9.99,9.99,9.99,9.99,900,0.0,0
2019-03-08,9.99,9.99,9.99,9.99,0,0.0,0
2019-03-11,9.99,9.99,9.99,9.99,100,0.0,0
2019-03-12,10.13,10.13,10.13,10.13,15000,0.0,0
2019-03-13,10.11,10.11,10.11,10.11,10300,0.0,0
2019-03-14,10.11,10.11,10.11,10.11,100,0.0,0
2019-03-15,10.11,10.11,10.11,10.11,0,0.0,0
2019-03-18,10.11,10.11,10.11,10.11,0,0.0,0
2019-03-19,10.11,10.11,10.11,10.11,0,0.0,0
2019-03-20,10.11,10.11,10.11,10.11,0,0.0,0
2019-03-21,10.33,10.33,10.33,10.33,14500,0.0,0
2019-03-22,10.43,10.43,10.43,10.43,20700,0.0,0
2019-03-25,10.41,10.41,10.41,10.41,70600,0.0,0
2019-03-26,10.41,10.41,10.41,10.41,100,0.0,0
2019-03-27,10.43,10.43,10.43,10.43,5000,0.0,0
2019-03-28,10.39,10.39,10.39,10.39,100,0.0,0
2019-03-29,10.39,10.39,10.39,10.39,0,0.0,0
2019-04-01,10.66,10.7,10.66,10.7,20600,0.0,0
2019-04-02,10.7,10.7,10.7,10.7,0,0.0,0
2019-04-03,10.7,10.7,10.7,10.7,0,0.0,0
2019-04-04,10.7,10.7,10.7,10.7,0,0.0,0
2019-04-05,10.46,10.46,10.46,10.46,800,0.0,0
2019-04-08,10.65,10.65,10.65,10.65,20400,0.0,0
2019-04-09,10.65,10.87,10.54,10.87,58000,0.0,0
2019-04-10,10.87,10.87,10.87,10.87,40000,0.0,0
2019-04-11,10.87,10.87,10.77,10.87,600,0.0,0
2019-04-12,10.87,10.87,10.87,10.87,0,0.0,0
2019-04-15,10.87,10.87,10.87,10.87,10200,0.0,0
2019-04-16,10.78,10.78,10.77,10.77,19200,0.0,0
2019-04-17,10.64,10.64,10.64,10.64,15300,0.0,0
2019-04-18,10.64,10.64,10.64,10.64,0,0.0,0
2019-04-22,10.56,10.56,10.56,10.56,10200,0.0,0
2019-04-23,10.72,10.72,10.72,10.72,36100,0.0,0
2019-04-24,10.72,10.72,10.72,10.72,0,0.0,0
2019-04-25,10.63,10.63,10.63,10.63,100,0.0,0
2019-04-26,10.74,10.74,10.74,10.74,0,0.118,0
2019-04-29,10.74,10.74,10.74,10.74,0,0.0,0
2019-04-30,10.74,10.74,10.74,10.74,100,0.0,0
2019-05-01,10.74,10.74,10.74,10.74,0,0.0,0
2019-05-02,10.74,10.74,10.74,10.74,0,0.0,0
2019-05-03,11.41,11.42,11.41,11.42,204000,0.0,0
2019-05-06,11.42,11.42,11.42,11.42,100,0.0,0
2019-05-07,11.42,11.42,11.42,11.42,131100,0.0,0
2019-05-08,11.42,11.42,11.42,11.42,0,0.0,0
2019-05-09,11.42,11.42,11.42,11.42,0,0.0,0
2019-05-10,11.42,11.42,11.42,11.42,0,0.0,0
2019-05-13,11.42,11.42,11.42,11.42,0,0.0,0
2019-05-14,11.42,11.42,11.42,11.42,0,0.0,0
2019-05-15,11.42,11.42,11.42,11.42,0,0.0,0
2019-05-16,11.42,11.42,11.42,11.42,0,0.0,0
2019-05-17,11.42,11.42,11.42,11.42,0,0.0,0
2019-05-20,11.42,11.42,11.42,11.42,0,0.0,0
2019-05-21,11.42,11.42,11.42,11.42,0,0.0,0
2019-05-22,11.42,11.42,11.42,11.42,0,0.0,0
2019-05-23,11.42,11.42,11.42,11.42,0,0.0,0
2019-05-24,11.42,11.42,11.42,11.42,0,0.0,0
2019-05-28,11.42,11.42,11.42,11.42,0,0.0,0
2019-05-29,11.42,11.42,11.42,11.42,100,0.0,0
2019-05-30,11.42,11.42,11.42,11.42,0,0.0,0
2019-05-31,10.89,10.89,10.89,10.89,500,0.0,0
2019-06-03,10.89,10.89,10.89,10.89,2700,0.0,0
2019-06-04,10.89,10.89,10.89,10.89,0,0.0,0
2019-06-05,10.89,10.89,10.89,10.89,0,0.0,0
2019-06-06,10.89,10.89,10.89,10.89,0,0.0,0
2019-06-07,10.89,10.89,10.89,10.89,0,0.0,0
2019-06-10,10.89,10.89,10.89,10.89,0,0.0,0
2019-06-11,10.85,11.08,10.8,10.92,35902400,0.0,0
2019-06-12,10.95,11.08,10.85,10.96,11342500,0.0,0
2019-06-13,10.93,10.93,10.54,10.72,8238300,0.0,0
2019-06-14,10.74,10.78,10.6,10.67,12995000,0.0,0
2019-06-17,10.52,10.58,10.36,10.4,11991200,0.0,0
2019-06-18,10.48,10.55,10.41,10.55,6940300,0.0,0
2019-06-19,10.5,10.52,10.21,10.34,7823900,0.0,0
2019-06-20,10.47,10.69,10.46,10.61,7407700,0.0,0
2019-06-21,10.67,10.8,10.6,10.76,15210900,0.0,0
2019-06-24,10.79,10.93,10.54,10.88,23175800,0.0,0
2019-06-25,10.96,11.23,10.89,11.19,12362000,0.0,0
2019-06-26,11.13,11.27,11.06,11.24,9356100,0.0,0
2019-06-27,11.3,11.33,11.2,11.22,5419300,0.0,0
2019-06-28,11.14,11.23,11.1,11.22,7604500,0.0,0
2019-07-01,11.11,11.16,11.03,11.16,7799200,0.0,0
2019-07-02,11.2,11.33,11.18,11.31,6608700,0.0,0
2019-07-03,11.48,11.49,11.38,11.41,3013500,0.0,0
2019-07-05,11.31,11.38,11.28,11.34,3565100,0.0,0
2019-07-08,11.21,11.24,11.08,11.17,3031000,0.0,0
2019-07-09,11.02,11.02,10.68,10.76,6699100,0.0,0
2019-07-10,10.77,10.85,10.68,10.7,3642400,0.0,0
2019-07-11,10.68,10.82,10.61,10.82,4404500,0.0,0
2019-07-12,10.84,10.9,10.73,10.89,5162600,0.0,0
2019-07-15,10.74,10.82,10.64,10.82,3025200,0.0,0
2019-07-16,10.83,10.83,10.57,10.64,5764900,0.0,0
2019-07-17,10.67,10.97,10.63,10.92,8203900,0.0,0
2019-07-18,10.91,11.1,10.62,11.02,8115300,0.0,0
2019-07-19,11.06,11.14,10.98,11.01,3358100,0.0,0
2019-07-22,10.81,10.81,10.41,10.49,8515500,0.0,0
2019-07-23,10.55,10.62,10.51,10.61,2969500,0.0,0
2019-07-24,10.59,10.64,10.42,10.54,3836800,0.0,0
2019-07-25,10.51,10.84,10.51,10.72,5477800,0.0,0
2019-07-26,10.67,10.87,10.58,10.7,3171800,0.0,0
2019-07-29,10.7,10.7,10.52,10.61,1736600,0.0,0
2019-07-30,10.54,10.57,10.27,10.36,3826500,0.0,0
2019-07-31,10.4,10.69,10.33,10.35,6685900,0.0,0
2019-08-01,10.36,10.49,10.23,10.26,3703200,0.0,0
2019-08-02,10.33,10.47,10.27,10.29,3722700,0.0,0
2019-08-05,10.27,10.36,10.04,10.06,5603100,0.0,0
2019-08-06,10.06,10.11,9.87,10.0,4701500,0.0,0
2019-08-07,9.92,10.21,9.89,10.19,5081000,0.0,0
2019-08-08,10.17,10.4,10.17,10.36,5529700,0.0,0
2019-08-09,10.36,10.4,10.14,10.22,3043200,0.0,0
2019-08-12,10.1,10.17,9.98,10.03,3628300,0.0,0
2019-08-13,9.96,10.27,9.91,10.19,3282500,0.0,0
2019-08-14,10.07,10.07,9.69,9.72,5040500,0.0,0
2019-08-15,9.64,9.67,9.46,9.47,3684900,0.0,0
2019-08-16,9.57,9.72,9.48,9.69,4034400,0.0,0
2019-08-19,9.76,10.04,9.75,9.87,4407200,0.0,0
2019-08-20,9.78,9.89,9.7,9.74,5153200,0.0,0
2019-08-21,9.62,9.71,9.1,9.42,5604200,0.0,0
2019-08-22,9.42,9.48,9.17,9.32,7288600,0.0,0
2019-08-23,9.33,9.49,9.17,9.22,8155600,0.0,0
2019-08-26,9.29,9.49,9.25,9.49,3921700,0.0,0
2019-08-27,9.52,9.68,9.43,9.55,8440000,0.0,0
2019-08-28,9.51,9.6,9.37,9.48,4443800,0.0,0
2019-08-29,9.49,9.59,9.42,9.51,3479400,0.0,0
2019-08-30,9.58,9.65,9.51,9.59,3958000,0.0,0
2019-09-03,9.61,9.62,9.42,9.48,3913900,0.0,0
2019-09-04,9.52,9.56,9.41,9.48,3753900,0.0,0
2019-09-05,9.6,9.69,9.5,9.54,4043100,0.0,0
2019-09-06,9.54,9.65,9.54,9.64,4116600,0.0,0
2019-09-09,9.63,9.63,9.49,9.58,5987100,0.0,0
2019-09-10,9.56,9.99,9.5,9.95,8869200,0.12,0
2019-09-11,9.85,10.03,9.84,10.02,5624800,0.0,0
2019-09-12,9.94,10.0,9.8,9.99,6843700,0.0,0
2019-09-13,10.02,10.27,9.99,10.1,7566300,0.0,0
2019-09-16,9.91,9.99,9.52,9.56,5847800,0.0,0
2019-09-17,9.59,9.65,9.53,9.65,4564600,0.0,0
2019-09-18,9.69,9.79,9.6,9.71,3945700,0.0,0
2019-09-19,9.7,9.84,9.63,9.68,4692500,0.0,0
2019-09-20,9.63,9.66,9.51,9.55,14331200,0.0,0
2019-09-23,9.45,9.62,9.44,9.54,4587000,0.0,0
2019-09-24,9.59,9.62,9.47,9.49,4312400,0.0,0
2019-09-25,9.53,9.61,9.49,9.54,2868500,0.0,0
2019-09-26,9.58,9.6,9.43,9.5,3567300,0.0,0
2019-09-27,9.55,9.64,9.51,9.62,4731500,0.0,0
2019-09-30,9.58,9.76,9.53,9.64,6016600,0.0,0
2019-10-01,9.64,9.72,9.4,9.44,4468200,0.0,0
2019-10-02,9.36,9.4,9.22,9.31,5920700,0.0,0
2019-10-03,9.25,9.45,9.11,9.44,6150900,0.0,0
2019-10-04,9.44,9.45,9.33,9.38,6760100,0.0,0
2019-10-07,9.33,9.4,9.27,9.28,6178200,0.0,0
2019-10-08,9.16,9.2,9.08,9.13,4889600,0.0,0
2019-10-09,9.17,9.28,9.11,9.21,4385500,0.0,0
2019-10-10,9.21,9.32,9.18,9.21,3307100,0.0,0
2019-10-11,9.31,9.61,9.31,9.49,5551800,0.0,0
2019-10-14,9.38,9.56,9.38,9.48,4507200,0.0,0
2019-10-15,9.49,9.5,9.38,9.48,5423800,0.0,0
2019-10-16,9.45,9.49,9.26,9.28,6587200,0.0,0
2019-10-17,9.35,9.55,9.35,9.48,4803700,0.0,0
2019-10-18,9.42,9.61,9.42,9.48,5513100,0.0,0
2019-10-21,9.56,9.66,9.51,9.57,4630900,0.0,0
2019-10-22,9.53,9.68,9.53,9.55,6446200,0.0,0
2019-10-23,9.61,9.66,9.52,9.6,5415300,0.0,0
2019-10-24,9.56,9.56,9.24,9.36,4829500,0.0,0
2019-10-25,9.41,9.66,9.41,9.61,6504500,0.0,0
2019-10-28,9.57,9.59,9.45,9.47,5769400,0.0,0
2019-10-29,9.42,9.48,9.3,9.37,5301800,0.0,0
2019-10-30,9.31,9.5,9.31,9.45,5684500,0.0,0
2019-10-31,9.46,9.55,9.36,9.41,31270200,0.0,0
2019-11-01,9.49,9.62,9.46,9.62,5352100,0.0,0
2019-11-04,9.62,9.83,9.6,9.78,5751900,0.0,0
2019-11-05,9.75,9.96,9.71,9.89,7341600,0.0,0
2019-11-06,9.78,9.99,9.72,9.86,8854500,0.0,0
2019-11-07,9.82,9.86,9.66,9.67,8825700,0.0,0
2019-11-08,9.87,9.95,9.61,9.66,8297900,0.0,0
2019-11-11,9.67,9.81,9.58,9.7,5416500,0.0,0
2019-11-12,9.68,9.73,9.63,9.72,4571200,0.0,0
2019-11-13,9.7,9.78,9.66,9.75,3396200,0.0,0
2019-11-14,9.79,9.88,9.73,9.84,4101800,0.0,0
2019-11-15,9.92,9.94,9.84,9.91,5328000,0.0,0
2019-11-18,9.87,9.96,9.73,9.91,5575600,0.0,0
2019-11-19,9.95,10.08,9.9,10.02,7708400,0.0,0
2019-11-20,9.95,9.96,9.67,9.72,10039500,0.0,0
2019-11-21,9.79,9.88,9.77,9.79,3791800,0.0,0
2019-11-22,9.85,10.02,9.85,9.95,5735900,0.0,0
2019-11-25,9.91,10.11,9.91,9.99,5223000,0.0,0
2019-11-26,10.16,10.19,10.0,10.15,27541700,0.115,0
2019-11-27,10.18,10.31,10.1,10.3,5473600,0.0,0
2019-11-29,10.3,10.37,10.12,10.26,2857800,0.0,0
2019-12-02,10.27,10.29,10.15,10.17,10406400,0.0,0
2019-12-03,10.07,10.1,9.9,10.07,4725200,0.0,0
2019-12-04,10.09,10.3,10.09,10.18,6125400,0.0,0
2019-12-05,10.25,10.35,10.22,10.33,3898048,0.0,0
