Date,Open,High,Low,Close,Volume,Dividends,Stock Splits
2013-02-01,29.89,30.12,28.91,29.42,66789100,0.0,0
2013-02-04,29.5,30.35,29.19,29.43,7695400,0.0,0
2013-02-05,29.65,30.34,29.27,29.45,5013200,0.0,0
2013-02-06,29.39,29.82,29.18,29.44,2126100,0.0,0
2013-02-07,29.41,31.06,29.41,30.36,3800800,0.0,0
2013-02-08,30.66,31.77,30.65,31.36,2599300,0.0,0
2013-02-11,31.37,31.79,31.2,31.56,1487200,0.0,0
2013-02-12,31.69,32.26,31.45,32.01,1637300,0.0,0
2013-02-13,32.07,32.07,31.31,31.83,1269700,0.0,0
2013-02-14,31.68,31.74,31.09,31.57,2954500,0.0,0
2013-02-15,31.61,32.35,31.31,32.24,5415400,0.0,0
2013-02-19,32.28,32.33,31.85,32.11,1206900,0.0,0
2013-02-20,32.11,32.15,30.93,31.05,1842900,0.0,0
2013-02-21,30.84,31.12,30.23,30.89,3242300,0.0,0
2013-02-22,31.1,31.24,30.84,30.92,954500,0.0,0
2013-02-25,31.01,31.02,30.36,30.43,818900,0.0,0
2013-02-26,30.41,30.74,30.35,30.4,1048700,0.0,0
2013-02-27,30.36,31.36,30.36,30.67,1343600,0.0,0
2013-02-28,30.89,31.83,30.89,31.74,2991400,0.0,0
2013-03-01,31.65,32.92,31.45,32.83,2334000,0.0,0
2013-03-04,33.02,33.1,32.49,32.59,865400,0.0,0
2013-03-05,32.65,32.72,32.02,32.54,1413400,0.0,0
2013-03-06,32.58,32.62,32.12,32.12,802000,0.0,0
2013-03-07,32.21,32.91,31.84,32.79,1320000,0.0,0
2013-03-08,32.29,32.91,32.07,32.35,1541100,0.0,0
2013-03-11,32.23,32.51,31.55,32.43,1729400,0.0,0
2013-03-12,32.37,32.49,31.88,32.09,1557600,0.0,0
2013-03-13,32.17,32.32,31.39,32.26,2240800,0.0,0
2013-03-14,32.57,33.61,32.54,32.87,1865200,0.0,0
2013-03-15,32.92,33.06,31.61,31.73,2692100,0.0,0
2013-03-18,31.07,31.25,30.97,31.16,2372000,0.0,0
2013-03-19,31.12,31.71,30.68,31.12,1336200,0.0,0
2013-03-20,31.22,31.82,30.84,31.8,1944000,0.0,0
2013-03-21,32.17,32.26,31.59,31.76,514500,0.0,0
2013-03-22,31.83,32.02,31.06,31.43,763300,0.0,0
2013-03-25,31.77,31.77,30.6,30.8,1324600,0.0,0
2013-03-26,31.06,31.11,30.36,30.85,1396500,0.0,0
2013-03-27,30.72,31.21,30.42,31.06,1896800,0.0,0
2013-03-28,31.17,31.79,30.96,31.69,7434900,0.0,0
2013-04-01,31.71,31.87,30.77,30.92,1466300,0.0,0
2013-04-02,30.99,31.43,30.8,30.88,712200,0.0,0
2013-04-03,31.0,31.29,30.7,30.87,1409700,0.0,0
2013-04-04,30.75,30.84,30.09,30.21,1946400,0.0,0
2013-04-05,30.11,30.43,29.01,30.32,3963500,0.0,0
2013-04-08,30.31,31.29,30.14,31.24,1965200,0.0,0
2013-04-09,31.36,31.87,30.89,31.73,2004400,0.0,0
2013-04-10,32.03,32.03,31.29,31.45,969500,0.0,0
2013-04-11,31.52,31.54,31.19,31.46,1826600,0.0,0
2013-04-12,31.28,31.64,30.93,31.53,723500,0.0,0
2013-04-15,31.38,31.53,30.52,30.59,839500,0.0,0
2013-04-16,30.7,31.66,30.64,31.51,2271200,0.0,0
2013-04-17,31.29,31.53,30.52,31.21,3140500,0.0,0
2013-04-18,31.41,31.41,30.72,30.81,799900,0.0,0
2013-04-19,31.04,31.11,30.18,31.04,2159300,0.0,0
2013-04-22,31.22,31.22,30.57,30.99,922100,0.0,0
2013-04-23,31.1,31.27,29.89,30.08,2731700,0.0,0
2013-04-24,30.01,30.07,28.86,29.05,4149300,0.0,0
2013-04-25,29.35,30.35,29.18,29.94,1520600,0.0,0
2013-04-26,29.99,31.01,29.99,30.97,1421800,0.0,0
2013-04-29,31.33,31.33,30.58,31.05,1711600,0.065,0
2013-04-30,32.02,33.03,31.31,31.39,3390300,0.0,0
2013-05-01,31.35,31.86,31.05,31.74,1393100,0.0,0
2013-05-02,31.73,32.2,31.48,31.64,696300,0.0,0
2013-05-03,31.96,31.98,31.37,31.57,998400,0.0,0
2013-05-06,31.71,31.84,31.14,31.32,503700,0.0,0
2013-05-07,31.45,31.45,30.7,31.26,700700,0.0,0
2013-05-08,31.37,31.79,31.11,31.62,1034100,0.0,0
2013-05-09,31.67,32.01,31.64,31.9,977200,0.0,0
2013-05-10,31.89,31.95,31.35,31.54,534100,0.0,0
2013-05-13,31.43,31.84,31.14,31.41,438700,0.0,0
2013-05-14,31.5,32.09,31.23,31.45,872300,0.0,0
2013-05-15,31.32,31.43,30.96,31.17,563200,0.0,0
2013-05-16,31.83,32.13,31.53,31.74,1278700,0.0,0
2013-05-17,31.71,32.23,31.55,32.23,962200,0.0,0
2013-05-20,32.23,32.32,31.94,32.05,735700,0.0,0
2013-05-21,31.92,32.08,31.36,31.41,1692400,0.0,0
2013-05-22,30.95,32.31,30.19,31.9,26006000,0.0,0
2013-05-23,31.61,32.13,31.1,31.22,9008500,0.0,0
2013-05-24,31.56,31.96,30.93,31.81,5911600,0.0,0
2013-05-28,32.13,32.59,31.93,32.57,4960300,0.0,0
2013-05-29,32.56,32.56,31.26,31.33,3095700,0.0,0
2013-05-30,31.16,31.47,30.52,30.65,3934100,0.0,0
2013-05-31,30.71,30.75,30.23,30.42,6512400,0.0,0
2013-06-03,30.43,31.22,29.77,31.14,3398000,0.0,0
2013-06-04,31.21,31.36,30.27,30.8,4513400,0.0,0
2013-06-05,30.82,30.82,30.19,30.58,3522300,0.0,0
2013-06-06,30.58,30.72,29.99,30.5,2918200,0.0,0
2013-06-07,30.67,30.75,29.67,29.95,5134200,0.0,0
2013-06-10,30.26,30.53,29.92,30.43,4992100,0.0,0
2013-06-11,30.14,30.44,29.85,30.14,6367500,0.0,0
2013-06-12,30.38,30.45,29.85,29.98,7648500,0.0,0
2013-06-13,29.92,30.0,29.35,29.63,5849800,0.0,0
2013-06-14,29.47,29.72,29.1,29.28,10665000,0.0,0
2013-06-17,29.85,30.19,29.2,29.43,26785600,0.0,0
2013-06-18,29.79,29.84,29.42,29.64,24286200,0.0,0
2013-06-19,29.53,29.7,29.3,29.47,23483400,0.0,0
2013-06-20,29.37,29.51,28.57,28.7,14938500,0.0,0
2013-06-21,29.04,29.56,28.84,29.09,33694200,0.0,0
2013-06-24,28.66,29.0,27.95,28.88,40766000,0.0,0
2013-06-25,29.28,30.06,29.0,29.94,13511100,0.0,0
2013-06-26,30.23,30.33,29.4,29.44,23779700,0.0,0
2013-06-27,29.91,29.96,29.27,29.35,16734600,0.0,0
2013-06-28,29.38,29.84,29.03,29.37,19415100,0.0,0
2013-07-01,29.49,29.53,28.65,29.1,17601000,0.0,0
2013-07-02,28.73,29.31,28.16,28.24,11157300,0.0,0
2013-07-03,28.21,28.27,27.54,27.84,12930000,0.0,0
2013-07-05,28.34,28.69,28.31,28.68,10819200,0.0,0
2013-07-08,28.95,29.44,28.73,29.42,15675100,0.0,0
2013-07-09,29.59,29.85,29.42,29.45,8704800,0.0,0
2013-07-10,29.55,29.7,28.97,29.51,6506200,0.0,0
2013-07-11,29.88,29.9,29.32,29.4,4486900,0.0,0
2013-07-12,29.49,29.83,29.48,29.81,5429400,0.0,0
2013-07-15,29.77,30.09,29.57,30.02,4201900,0.0,0
2013-07-16,30.0,30.09,29.57,29.62,4301200,0.0,0
2013-07-17,29.69,29.69,29.33,29.46,3545800,0.0,0
2013-07-18,29.58,29.66,29.25,29.3,4053700,0.0,0
2013-07-19,29.27,29.28,28.64,28.75,8946200,0.0,0
2013-07-22,28.86,29.08,28.67,28.78,4255800,0.0,0
2013-07-23,28.91,28.94,28.29,28.58,5091800,0.0,0
2013-07-24,28.65,29.04,28.2,28.43,4890100,0.0,0
2013-07-25,28.41,29.04,28.25,29.02,5472900,0.0,0
2013-07-26,28.9,29.03,28.52,28.93,5051600,0.0,0
2013-07-29,28.78,29.03,28.5,28.61,4123600,0.0,0
2013-07-30,28.73,28.89,28.48,28.62,4630100,0.065,0
2013-07-31,28.58,28.76,28.39,28.4,5375100,0.0,0
2013-08-01,28.55,28.78,28.07,28.74,8105500,0.0,0
2013-08-02,28.7,29.5,28.5,29.48,5187500,0.0,0
2013-08-05,29.03,29.91,29.03,29.77,7283300,0.0,0
2013-08-06,30.18,30.97,29.62,29.66,12471200,0.0,0
2013-08-07,29.63,29.92,29.2,29.76,5920100,0.0,0
2013-08-08,29.92,30.33,29.71,29.76,7161900,0.0,0
2013-08-09,29.67,29.76,29.33,29.45,2784100,0.0,0
2013-08-12,29.23,29.53,28.62,28.9,5793700,0.0,0
2013-08-13,29.06,29.3,28.77,29.01,3116200,0.0,0
2013-08-14,29.06,29.18,28.66,28.72,3858200,0.0,0
2013-08-15,28.53,28.74,28.38,28.6,5818900,0.0,0
2013-08-16,28.53,28.77,28.35,28.58,3678800,0.0,0
2013-08-19,28.5,28.87,28.43,28.46,2480600,0.0,0
2013-08-20,28.45,28.97,28.31,28.8,3804100,0.0,0
2013-08-21,28.65,28.76,28.2,28.44,3531400,0.0,0
2013-08-22,28.42,28.59,28.17,28.46,3030800,0.0,0
2013-08-23,28.47,28.8,28.24,28.77,2531600,0.0,0
2013-08-26,28.74,28.74,28.25,28.39,7179000,0.0,0
2013-08-27,28.14,28.27,27.63,27.82,8103500,0.0,0
2013-08-28,27.7,28.42,27.45,28.17,7067300,0.0,0
2013-08-29,28.04,28.21,27.84,28.08,1590600,0.0,0
2013-08-30,28.06,28.11,27.67,27.77,2296300,0.0,0
2013-09-03,28.07,28.36,27.81,28.04,2052100,0.0,0
2013-09-04,28.06,28.31,27.96,28.29,3187200,0.0,0
2013-09-05,28.32,29.05,28.26,28.9,5688100,0.0,0
2013-09-06,29.01,29.49,28.55,29.16,5245900,0.0,0
2013-09-09,29.19,29.54,28.93,29.15,2723800,0.0,0
2013-09-10,29.85,30.32,29.4,29.49,5024400,0.0,0
2013-09-11,29.88,29.97,29.43,29.85,6367900,0.0,0
2013-09-12,29.88,29.91,29.36,29.61,2881300,0.0,0
2013-09-13,29.6,29.82,29.45,29.58,3087300,0.0,0
2013-09-16,29.96,30.66,29.91,30.35,7069200,0.0,0
2013-09-17,30.5,30.98,30.47,30.85,4616300,0.0,0
2013-09-18,30.76,31.18,30.45,31.17,3913200,0.0,0
2013-09-19,31.25,31.35,30.64,30.97,4128700,0.0,0
2013-09-20,31.14,31.2,30.36,30.67,11372300,0.0,0
2013-09-23,30.67,30.67,29.87,30.09,3322100,0.0,0
2013-09-24,30.13,30.16,29.74,29.99,2212100,0.0,0
2013-09-25,29.99,30.1,29.56,29.59,3165800,0.0,0
2013-09-26,29.75,30.15,29.73,30.09,2289100,0.0,0
2013-09-27,30.07,30.11,29.58,29.68,2391000,0.0,0
2013-09-30,29.63,29.84,29.47,29.65,2890400,0.0,0
2013-10-01,29.65,30.53,29.55,30.28,3263200,0.0,0
2013-10-02,30.17,30.61,29.95,30.49,3071500,0.0,0
2013-10-03,30.29,30.32,29.86,29.99,2520500,0.0,0
2013-10-04,30.77,31.02,30.15,30.54,5795500,0.0,0
2013-10-07,30.2,30.85,30.1,30.42,4420200,0.0,0
2013-10-08,30.36,30.57,29.97,30.04,4152500,0.0,0
2013-10-09,30.23,30.23,29.61,29.95,3379900,0.0,0
2013-10-10,30.28,30.83,29.98,30.83,4397600,0.0,0
2013-10-11,30.91,31.22,30.52,30.87,6164800,0.0,0
2013-10-14,30.52,30.93,30.36,30.77,2527800,0.0,0
2013-10-15,30.7,30.89,30.49,30.56,2326600,0.0,0
2013-10-16,30.74,31.41,30.74,31.34,3625900,0.0,0
2013-10-17,31.28,31.62,31.22,31.47,2891500,0.0,0
2013-10-18,31.59,31.73,31.3,31.65,3979400,0.0,0
2013-10-21,31.59,31.77,31.08,31.22,2677800,0.0,0
2013-10-22,31.37,31.44,30.74,30.97,3084600,0.0,0
2013-10-23,30.95,31.35,30.95,31.06,2817700,0.0,0
2013-10-24,31.2,31.34,30.97,31.19,2351500,0.0,0
2013-10-25,31.25,31.25,30.82,30.94,1480800,0.0,0
2013-10-28,30.99,30.99,30.43,30.47,3636400,0.0,0
2013-10-29,30.48,30.77,30.41,30.52,2912000,0.0,0
2013-10-30,30.71,31.13,30.5,30.61,4398600,0.065,0
2013-10-31,30.55,30.82,30.23,30.23,4241700,0.0,0
2013-11-01,30.33,30.48,29.96,30.4,5890500,0.0,0
2013-11-04,30.4,30.54,30.09,30.48,3838900,0.0,0
2013-11-05,30.46,30.52,29.84,30.25,6642200,0.0,0
2013-11-06,30.63,30.72,29.49,29.85,6722800,0.0,0
2013-11-07,29.96,30.1,29.46,29.63,5204600,0.0,0
2013-11-08,29.76,30.2,29.56,30.16,4664000,0.0,0
2013-11-11,30.26,30.55,30.19,30.33,3078700,0.0,0
2013-11-12,30.31,30.53,30.03,30.4,3204200,0.0,0
2013-11-13,30.22,30.37,29.86,30.28,4179800,0.0,0
2013-11-14,30.48,30.72,30.05,30.25,2945000,0.0,0
2013-11-15,30.25,30.43,29.99,30.37,3601700,0.0,0
2013-11-18,30.4,30.51,30.04,30.19,2927500,0.0,0
2013-11-19,30.23,30.5,29.79,30.0,2571200,0.0,0
2013-11-20,30.0,30.38,29.8,29.95,2374400,0.0,0
2013-11-21,30.06,30.28,29.9,30.15,4425000,0.0,0
2013-11-22,30.21,30.29,29.83,29.94,3850500,0.0,0
2013-11-25,29.99,30.0,29.65,29.87,4719800,0.0,0
2013-11-26,30.04,30.47,29.97,30.0,4398400,0.0,0
2013-11-27,30.03,30.12,29.69,29.86,1783200,0.0,0
2013-11-29,29.87,30.03,29.67,29.74,1058600,0.0,0
2013-12-02,29.89,30.17,29.68,29.74,4065200,0.0,0
2013-12-03,29.72,29.83,29.49,29.68,5514800,0.0,0
2013-12-04,29.66,29.92,29.56,29.8,3196400,0.0,0
2013-12-05,29.79,30.27,29.6,30.02,6498000,0.0,0
2013-12-06,30.19,30.25,29.88,30.11,3263700,0.0,0
2013-12-09,30.13,30.49,29.97,30.31,3073800,0.0,0
2013-12-10,30.19,30.19,29.79,29.94,2941900,0.0,0
2013-12-11,30.01,30.11,29.37,29.68,4436300,0.0,0
2013-12-12,29.58,29.99,29.58,29.76,3603500,0.0,0
2013-12-13,29.89,30.45,29.82,30.15,3286500,0.0,0
2013-12-16,30.24,30.55,30.12,30.55,2635600,0.0,0
2013-12-17,30.46,30.52,29.9,30.21,2629700,0.0,0
2013-12-18,30.18,30.74,29.88,30.71,3684400,0.0,0
2013-12-19,30.68,30.9,30.23,30.85,3447300,0.0,0
2013-12-20,30.87,31.21,30.8,30.91,3681000,0.0,0
2013-12-23,31.13,31.16,30.7,30.9,2219800,0.0,0
2013-12-24,30.84,31.01,30.62,30.9,624300,0.0,0
2013-12-26,31.03,31.3,30.93,31.11,1504700,0.0,0
2013-12-27,31.21,31.29,31.0,31.19,1322400,0.0,0
2013-12-30,31.26,31.35,31.07,31.19,1803600,0.0,0
2013-12-31,31.31,31.32,30.99,31.21,2270400,0.0,0
2014-01-02,31.06,31.18,30.66,30.89,2576100,0.0,0
2014-01-03,30.88,31.03,30.57,30.6,2524900,0.0,0
2014-01-06,30.84,31.25,30.41,30.53,2763200,0.0,0
2014-01-07,30.73,30.98,30.5,30.65,2338200,0.0,0
2014-01-08,30.27,30.64,30.08,30.3,3965900,0.0,0
2014-01-09,30.39,30.52,30.1,30.51,2303300,0.0,0
2014-01-10,30.46,31.09,30.42,31.07,2999900,0.0,0
2014-01-13,30.92,30.95,30.25,30.34,4042800,0.0,0
2014-01-14,30.49,30.54,30.22,30.41,2334500,0.0,0
2014-01-15,30.45,30.51,30.25,30.37,2916300,0.0,0
2014-01-16,30.41,30.63,30.27,30.55,1960400,0.0,0
2014-01-17,30.46,30.64,30.2,30.29,2502500,0.0,0
2014-01-21,30.53,30.64,29.84,29.85,5681900,0.0,0
2014-01-22,30.0,30.24,29.84,30.04,5693600,0.0,0
2014-01-23,30.04,30.39,29.98,30.3,3263800,0.0,0
2014-01-24,30.08,30.24,29.88,30.04,4520900,0.0,0
2014-01-27,30.1,30.19,29.84,29.94,6934000,0.0,0
2014-01-28,29.97,30.26,29.85,30.09,4203400,0.072,0
2014-01-29,29.92,30.09,29.4,29.45,3152000,0.0,0
2014-01-30,29.73,29.98,29.27,29.35,4700400,0.0,0
2014-01-31,29.08,29.22,28.77,29.05,5302200,0.0,0
2014-02-03,29.09,29.23,28.84,29.06,6569400,0.0,0
2014-02-04,29.24,29.43,28.84,28.93,3657300,0.0,0
2014-02-05,28.8,29.12,28.66,28.83,3758700,0.0,0
2014-02-06,28.79,28.94,28.71,28.76,3327100,0.0,0
2014-02-07,28.81,29.47,28.81,29.38,4130100,0.0,0
2014-02-10,29.45,30.17,29.45,29.8,6339700,0.0,0
2014-02-11,28.35,28.47,27.53,27.87,29137200,0.0,0
2014-02-12,27.94,28.83,27.87,28.71,14394200,0.0,0
2014-02-13,28.64,28.87,28.29,28.39,7891600,0.0,0
2014-02-14,28.34,28.71,28.28,28.59,5571100,0.0,0
2014-02-18,28.62,29.27,28.59,28.97,6087800,0.0,0
2014-02-19,28.75,28.86,28.35,28.47,6169900,0.0,0
2014-02-20,28.46,28.87,28.36,28.68,4699300,0.0,0
2014-02-21,28.7,28.74,28.26,28.33,3235700,0.0,0
2014-02-24,28.5,28.77,28.34,28.42,3105500,0.0,0
2014-02-25,28.29,29.07,28.28,28.83,4412600,0.0,0
2014-02-26,28.75,29.14,28.71,29.09,3647400,0.0,0
2014-02-27,29.09,29.42,29.04,29.4,3778000,0.0,0
2014-02-28,29.43,29.68,29.31,29.68,5186800,0.0,0
2014-03-03,29.55,29.84,29.46,29.65,3534700,0.0,0
2014-03-04,29.88,29.95,29.47,29.56,5501800,0.0,0
2014-03-05,29.66,29.8,29.27,29.4,4399200,0.0,0
2014-03-06,29.49,29.71,29.35,29.45,3617500,0.0,0
2014-03-07,29.55,29.65,29.16,29.26,4421500,0.0,0
2014-03-10,29.3,29.32,28.9,29.04,3902900,0.0,0
2014-03-11,29.16,29.31,28.78,28.98,2641400,0.0,0
2014-03-12,28.77,28.94,28.37,28.42,4363300,0.0,0
2014-03-13,28.44,28.5,27.81,27.99,4090900,0.0,0
2014-03-14,27.99,28.54,27.97,28.15,4021900,0.0,0
2014-03-17,28.21,28.33,28.06,28.11,3837100,0.0,0
2014-03-18,28.15,28.21,27.99,28.02,5453400,0.0,0
2014-03-19,28.05,28.81,28.01,28.62,5692400,0.0,0
2014-03-20,28.53,28.81,28.39,28.79,3672400,0.0,0
2014-03-21,29.06,29.12,27.93,28.0,9668600,0.0,0
2014-03-24,28.06,28.11,27.72,27.88,4632800,0.0,0
2014-03-25,28.01,28.11,27.86,28.0,3182000,0.0,0
2014-03-26,28.14,28.18,27.9,27.95,3914800,0.0,0
2014-03-27,27.95,28.13,27.83,28.04,2984200,0.0,0
2014-03-28,28.19,28.24,27.66,27.76,6398900,0.0,0
2014-03-31,27.82,27.88,27.43,27.69,8689200,0.0,0
2014-04-01,27.72,28.12,27.72,28.09,3658000,0.0,0
2014-04-02,28.02,28.42,27.88,28.34,2341200,0.0,0
2014-04-03,28.43,28.43,28.12,28.34,2896500,0.0,0
2014-04-04,28.36,28.72,27.95,28.06,4963400,0.0,0
2014-04-07,27.99,28.06,27.61,27.75,4073700,0.0,0
2014-04-08,27.65,27.96,27.44,27.89,4744600,0.0,0
2014-04-09,27.96,27.96,27.53,27.81,3631300,0.0,0
2014-04-10,27.74,27.96,27.56,27.62,5372600,0.0,0
2014-04-11,27.52,27.63,27.06,27.18,3185500,0.0,0
2014-04-14,27.25,27.54,27.04,27.25,2559900,0.0,0
2014-04-15,27.34,27.34,26.93,27.32,3231600,0.0,0
2014-04-16,27.32,27.46,27.18,27.3,4220000,0.0,0
2014-04-17,27.28,27.47,27.23,27.37,3425800,0.0,0
2014-04-21,27.46,27.81,27.3,27.78,4437500,0.0,0
2014-04-22,28.25,28.73,27.93,28.6,8353800,0.0,0
2014-04-23,28.54,28.67,28.11,28.19,3803300,0.072,0
2014-04-24,28.17,28.87,28.13,28.74,4412100,0.072,0
2014-04-25,28.66,29.13,28.48,29.0,4857700,0.0,0
2014-04-28,29.35,29.49,28.89,29.23,3704400,0.0,0
2014-04-29,29.26,29.36,29.04,29.36,2531700,0.0,0
2014-04-30,29.19,29.29,28.81,29.1,4116100,0.0,0
2014-05-01,29.15,29.36,29.02,29.15,3207000,0.0,0
2014-05-02,29.16,29.57,29.14,29.46,3042100,0.0,0
2014-05-05,29.25,29.45,28.95,29.36,4425200,0.0,0
2014-05-06,28.7,30.18,28.42,29.7,6532400,0.0,0
2014-05-07,28.94,29.56,28.85,29.47,6810600,0.0,0
2014-05-08,29.38,29.63,29.24,29.31,2687200,0.0,0
2014-05-09,29.3,29.4,28.9,29.37,3339700,0.0,0
2014-05-12,29.41,29.67,29.38,29.63,1971000,0.0,0
2014-05-13,29.62,29.67,29.42,29.55,1932200,0.0,0
2014-05-14,29.46,29.63,29.31,29.46,2253600,0.0,0
2014-05-15,29.36,29.46,29.18,29.29,3104500,0.0,0
2014-05-16,29.26,29.43,29.16,29.42,3058700,0.0,0
2014-05-19,29.42,29.45,29.12,29.29,3671100,0.0,0
2014-05-20,29.34,29.41,29.11,29.12,2538700,0.0,0
2014-05-21,29.21,29.33,29.08,29.25,2421900,0.0,0
2014-05-22,29.18,29.38,29.1,29.16,4522700,0.0,0
2014-05-23,29.17,29.41,29.14,29.36,4085500,0.0,0
2014-05-27,29.56,29.59,29.37,29.52,2395700,0.0,0
2014-05-28,29.55,29.55,29.26,29.31,5791000,0.0,0
2014-05-29,29.42,29.59,29.33,29.54,2610800,0.0,0
2014-05-30,29.61,29.74,29.49,29.52,3076700,0.0,0
2014-06-02,29.62,29.77,29.47,29.73,3561300,0.0,0
2014-06-03,29.7,30.06,29.61,30.05,3323000,0.0,0
2014-06-04,29.98,30.24,29.93,30.16,3349900,0.0,0
2014-06-05,30.2,30.43,30.02,30.4,2784700,0.0,0
2014-06-06,30.41,30.58,30.4,30.52,2524200,0.0,0
2014-06-09,30.56,30.78,30.43,30.78,3189400,0.0,0
2014-06-10,30.71,31.26,30.68,31.25,4639800,0.0,0
2014-06-11,31.25,31.28,30.87,30.9,3600700,0.0,0
2014-06-12,30.85,30.9,30.6,30.76,4298500,0.0,0
2014-06-13,30.73,30.91,30.61,30.89,1904500,0.0,0
2014-06-16,30.85,30.97,30.76,30.9,2197200,0.0,0
2014-06-17,30.83,31.59,30.83,31.55,4407200,0.0,0
2014-06-18,31.46,31.63,31.21,31.63,2482800,0.0,0
2014-06-19,31.7,31.78,31.28,31.3,4062900,0.0,0
2014-06-20,31.16,31.33,30.82,31.21,7836200,0.0,0
2014-06-23,31.29,31.47,31.18,31.39,2513600,0.0,0
2014-06-24,31.41,31.44,31.11,31.13,1772500,0.0,0
2014-06-25,31.16,31.32,31.05,31.13,2751400,0.0,0
2014-06-26,31.11,31.18,30.85,31.0,2240100,0.0,0
2014-06-27,30.97,31.16,30.92,31.14,1435000,0.0,0
2014-06-30,31.2,31.47,30.89,31.03,1847300,0.0,0
2014-07-01,31.21,31.36,31.07,31.26,2263500,0.0,0
2014-07-02,31.25,31.5,31.25,31.48,1850700,0.0,0
2014-07-03,31.5,31.66,31.4,31.65,1370200,0.0,0
2014-07-07,31.62,31.63,31.31,31.31,2087600,0.0,0
2014-07-08,31.16,31.26,30.93,31.23,1846200,0.0,0
2014-07-09,31.22,31.39,31.05,31.21,1339900,0.0,0
2014-07-10,30.98,31.43,30.79,31.27,2003800,0.0,0
2014-07-11,31.19,31.31,31.06,31.13,1422900,0.0,0
2014-07-14,31.31,31.59,31.16,31.47,1900200,0.0,0
2014-07-15,31.38,31.45,31.02,31.15,2496200,0.0,0
2014-07-16,31.18,31.44,31.11,31.38,1768100,0.0,0
2014-07-17,31.18,31.26,30.91,30.97,2154100,0.0,0
2014-07-18,30.91,31.48,30.84,31.43,3261000,0.0,0
2014-07-21,31.36,31.62,31.35,31.59,2513300,0.0,0
2014-07-22,31.69,31.95,31.57,31.61,2590600,0.0,0
2014-07-23,31.59,31.67,31.52,31.58,2078600,0.0,0
2014-07-24,31.64,31.7,31.5,31.63,2007900,0.0,0
2014-07-25,31.51,31.64,31.42,31.56,1579600,0.0,0
2014-07-28,31.51,31.7,31.41,31.6,1627800,0.0,0
2014-07-29,31.54,31.94,31.44,31.76,2994400,0.0,0
2014-07-30,31.88,31.97,31.66,31.87,1800600,0.0,0
2014-07-31,31.65,31.86,31.61,31.65,3002700,0.0,0
2014-08-01,31.51,31.77,31.34,31.48,5381100,0.0,0
2014-08-04,31.46,32.07,31.33,31.96,4676100,0.0,0
2014-08-05,31.32,31.62,30.75,30.97,5933100,0.0,0
2014-08-06,30.8,31.13,30.78,31.06,3163800,0.0,0
2014-08-07,31.13,31.23,30.45,30.57,3747800,0.0,0
2014-08-08,30.58,31.1,30.58,31.08,2191500,0.0,0
2014-08-11,31.21,31.4,31.14,31.35,2282500,0.0,0
2014-08-12,31.23,31.43,31.11,31.2,2837900,0.0,0
2014-08-13,31.45,31.77,31.43,31.61,3729200,0.0,0
2014-08-14,31.66,31.83,31.61,31.8,2562500,0.0,0
2014-08-15,31.86,32.41,31.86,32.4,3843000,0.0,0
2014-08-18,32.52,32.77,32.47,32.7,3459500,0.072,0
2014-08-19,32.72,33.31,32.66,33.26,2922500,0.0,0
2014-08-20,33.26,33.58,33.2,33.52,2720500,0.0,0
2014-08-21,33.51,33.71,33.43,33.62,2041800,0.0,0
2014-08-22,33.55,33.67,33.47,33.62,2300500,0.0,0
2014-08-25,33.73,33.76,33.54,33.63,2417200,0.0,0
2014-08-26,33.71,33.93,33.57,33.85,2956600,0.0,0
2014-08-27,33.9,34.19,33.79,34.05,2746100,0.0,0
2014-08-28,33.89,34.09,33.79,34.05,3760400,0.0,0
2014-08-29,34.05,34.15,33.74,34.15,1190900,0.0,0
2014-09-02,34.15,34.3,34.04,34.19,1654000,0.0,0
2014-09-03,35.3,35.32,34.24,34.46,4220600,0.0,0
2014-09-04,34.47,34.58,34.1,34.22,2383100,0.0,0
2014-09-05,34.32,34.74,34.16,34.73,1602900,0.0,0
2014-09-08,34.69,34.99,34.64,34.96,1913500,0.0,0
2014-09-09,34.93,34.98,34.7,34.86,2832500,0.0,0
2014-09-10,34.99,35.02,34.58,34.92,2287400,0.0,0
2014-09-11,34.84,34.97,34.78,34.95,1768900,0.0,0
2014-09-12,34.89,34.92,34.78,34.86,1920000,0.0,0
2014-09-15,34.93,35.0,34.82,34.95,2164600,0.0,0
2014-09-16,34.96,35.22,34.88,35.16,2253000,0.0,0
2014-09-17,35.21,35.35,35.02,35.32,2525600,0.0,0
2014-09-18,35.4,35.73,35.3,35.37,2336300,0.0,0
2014-09-19,35.5,35.95,35.5,35.85,6105100,0.0,0
2014-09-22,35.87,35.94,35.17,35.29,4951100,0.0,0
2014-09-23,34.99,35.16,34.55,34.58,4421800,0.0,0
2014-09-24,34.68,35.3,34.64,35.25,4714100,0.0,0
2014-09-25,35.24,35.26,34.81,34.98,2062000,0.0,0
2014-09-26,35.04,35.41,34.87,35.3,2124800,0.0,0
2014-09-29,34.98,35.47,34.85,35.45,2075600,0.0,0
2014-09-30,35.7,35.76,35.43,35.61,3412900,0.0,0
2014-10-01,35.53,35.66,34.91,35.12,5508300,0.0,0
2014-10-02,35.25,35.63,35.13,35.57,3670200,0.0,0
2014-10-03,35.53,36.36,35.53,36.3,5948500,0.0,0
2014-10-06,36.44,36.59,36.23,36.29,2693400,0.0,0
2014-10-07,36.04,36.19,35.29,35.38,8116900,0.0,0
2014-10-08,35.46,36.2,35.3,36.18,3565700,0.0,0
2014-10-09,36.13,36.26,35.56,35.67,4336700,0.0,0
2014-10-10,35.67,35.94,35.31,35.35,3689300,0.0,0
2014-10-13,35.34,35.34,34.24,34.28,6676400,0.0,0
2014-10-14,34.53,34.85,34.17,34.57,3078700,0.0,0
2014-10-15,34.07,34.1,32.92,33.98,7155800,0.0,0
2014-10-16,33.48,34.23,32.94,33.79,4181300,0.0,0
2014-10-17,34.11,34.31,33.68,34.08,3438500,0.0,0
2014-10-20,34.08,34.39,34.03,34.12,2543800,0.0,0
2014-10-21,34.28,34.86,34.25,34.78,4772800,0.0,0
2014-10-22,34.75,35.02,34.58,34.58,2263500,0.0,0
2014-10-23,34.5,35.12,34.18,34.8,2925800,0.0,0
2014-10-24,34.88,35.27,34.79,35.25,1419000,0.0,0
2014-10-27,35.27,35.44,35.16,35.24,2511400,0.0,0
2014-10-28,35.33,35.67,35.18,35.66,1533400,0.0,0
2014-10-29,35.54,35.6,34.99,35.29,2269900,0.0,0
2014-10-30,35.3,36.04,35.22,35.96,2137900,0.0,0
2014-10-31,36.37,36.53,35.7,35.81,2589500,0.0,0
2014-11-03,35.8,36.52,35.74,36.42,4071300,0.072,0
2014-11-04,36.7,37.77,36.7,37.77,9723700,0.0,0
2014-11-05,37.93,38.05,37.42,37.92,11878900,0.0,0
2014-11-06,37.99,38.35,37.92,38.34,4457100,0.0,0
2014-11-07,38.28,38.91,38.25,38.84,6819000,0.0,0
2014-11-10,38.91,38.95,38.65,38.77,7530100,0.0,0
2014-11-11,38.77,42.61,38.54,42.21,20228500,0.0,0
2014-11-12,42.39,42.44,41.1,41.17,21414900,0.0,0
2014-11-13,41.19,41.8,41.14,41.75,6151300,0.0,0
2014-11-14,41.7,41.95,41.38,41.65,2689500,0.0,0
2014-11-17,42.35,42.9,41.5,42.7,9537400,0.0,0
2014-11-18,43.33,43.39,41.55,42.67,12180600,0.0,0
2014-11-19,42.8,42.85,41.72,41.9,7031100,0.0,0
2014-11-20,41.43,41.76,41.24,41.66,5091100,0.0,0
2014-11-21,41.98,42.36,41.37,42.36,5192500,0.0,0
2014-11-24,42.57,43.38,42.32,43.04,4179400,0.0,0
2014-11-25,43.04,43.18,42.36,42.4,3589000,0.0,0
2014-11-26,42.74,43.16,42.36,43.13,2131400,0.0,0
2014-11-28,43.21,43.53,43.21,43.38,1332200,0.0,0
2014-12-01,43.64,43.68,42.73,42.84,3153000,0.0,0
2014-12-02,42.84,43.4,42.75,43.2,2500600,0.0,0
2014-12-03,43.2,43.46,42.86,43.33,2003600,0.0,0
2014-12-04,43.25,43.35,42.34,42.48,4294300,0.0,0
2014-12-05,42.45,42.93,42.32,42.46,3314000,0.0,0
2014-12-08,42.68,42.86,42.36,42.58,5889300,0.0,0
2014-12-09,41.69,42.96,41.27,42.31,5515000,0.0,0
2014-12-10,42.34,42.68,41.23,41.29,4393500,0.0,0
2014-12-11,41.49,42.0,41.29,41.4,4942200,0.0,0
2014-12-12,41.25,41.6,40.3,40.33,4050300,0.0,0
2014-12-15,40.79,41.02,39.91,40.3,5943600,0.0,0
2014-12-16,40.21,40.56,39.42,39.44,4606400,0.0,0
2014-12-17,39.66,40.0,39.42,39.71,7627700,0.0,0
2014-12-18,40.4,41.66,40.35,41.66,6578100,0.0,0
2014-12-19,41.55,42.22,41.16,42.01,5601600,0.0,0
2014-12-22,42.07,42.27,41.47,41.91,1913800,0.0,0
2014-12-23,42.1,42.22,41.29,41.49,2612500,0.0,0
2014-12-24,41.57,42.47,41.52,42.33,1300600,0.0,0
2014-12-26,42.29,42.76,42.29,42.68,1518000,0.0,0
2014-12-29,42.5,42.7,42.34,42.49,2006700,0.0,0
2014-12-30,42.46,42.58,41.6,41.85,2251100,0.0,0
2014-12-31,41.96,42.37,41.52,41.55,2131900,0.0,0
2015-01-02,41.96,42.19,41.58,41.82,1784200,0.0,0
2015-01-05,41.76,42.13,41.49,41.57,3112100,0.0,0
2015-01-06,41.66,41.86,40.84,41.16,3977200,0.0,0
2015-01-07,41.52,42.06,41.5,42.01,2481800,0.0,0
2015-01-08,43.21,43.32,42.48,42.66,3121300,0.0,0
2015-01-09,42.54,42.91,42.17,42.72,2999100,0.0,0
2015-01-12,42.81,42.81,41.8,41.92,2168300,0.0,0
2015-01-13,42.38,42.69,41.1,41.33,3668600,0.0,0
2015-01-14,41.03,41.74,40.83,41.55,2481300,0.0,0
2015-01-15,41.78,42.26,41.42,41.46,2719300,0.0,0
2015-01-16,41.32,42.76,41.29,42.69,2761600,0.0,0
2015-01-20,42.76,42.76,41.81,42.14,3471000,0.083,0
2015-01-21,42.15,43.17,42.02,42.8,1991900,0.0,0
2015-01-22,42.9,43.36,42.22,43.06,2914700,0.0,0
2015-01-23,43.07,43.34,42.53,42.68,2885500,0.0,0
2015-01-26,42.6,42.86,42.42,42.65,1926800,0.0,0
2015-01-27,42.18,42.47,41.8,41.89,3008300,0.0,0
2015-01-28,42.3,42.84,41.66,41.7,2425100,0.0,0
2015-01-29,41.64,42.25,41.17,41.9,4927300,0.0,0
2015-01-30,41.77,42.14,41.25,41.33,3146000,0.0,0
2015-02-02,41.62,41.96,40.99,41.96,2136700,0.0,0
2015-02-03,42.09,42.38,41.79,42.08,4910800,0.0,0
2015-02-04,42.43,42.6,41.81,42.04,5102900,0.0,0
2015-02-05,42.13,42.64,41.71,41.98,3470900,0.0,0
2015-02-06,42.02,42.79,41.87,42.23,5408000,0.0,0
2015-02-09,42.08,42.23,41.27,41.47,4467100,0.0,0
2015-02-10,41.72,42.57,41.41,42.48,4111200,0.0,0
2015-02-11,43.41,44.61,43.41,44.27,7071100,0.0,0
2015-02-12,45.7,45.85,43.78,44.29,6989600,0.0,0
2015-02-13,43.28,44.01,42.91,43.97,6413300,0.0,0
2015-02-17,44.06,44.73,43.96,44.69,4055800,0.0,0
2015-02-18,44.6,44.91,44.32,44.35,3276900,0.0,0
2015-02-19,44.33,44.5,44.0,44.16,2928800,0.0,0
2015-02-20,44.21,44.39,43.64,44.11,3713000,0.0,0
2015-02-23,44.22,44.43,43.73,44.09,2664500,0.0,0
2015-02-24,44.16,44.29,43.8,43.92,1869800,0.0,0
2015-02-25,44.06,44.47,43.91,44.23,2958800,0.0,0
2015-02-26,44.33,45.17,44.3,45.1,4903000,0.0,0
2015-02-27,45.02,45.35,44.54,44.58,5555500,0.0,0
2015-03-02,44.58,46.05,44.58,45.76,5261700,0.0,0
2015-03-03,45.74,45.79,44.83,45.02,2256200,0.0,0
2015-03-04,44.88,44.97,44.36,44.72,3293000,0.0,0
2015-03-05,45.16,45.3,44.49,44.94,2327600,0.0,0
2015-03-06,44.79,45.01,44.18,44.28,3486500,0.0,0
2015-03-09,44.37,45.43,43.99,44.78,3757800,0.0,0
2015-03-10,44.62,44.77,44.19,44.21,2189500,0.0,0
2015-03-11,44.38,45.06,44.24,44.51,3245000,0.0,0
2015-03-12,44.8,45.34,44.63,45.31,2276500,0.0,0
2015-03-13,45.33,45.33,44.52,44.93,2487100,0.0,0
2015-03-16,45.18,45.49,45.03,45.44,2519800,0.0,0
2015-03-17,45.1,45.79,44.89,45.61,2906900,0.0,0
2015-03-18,45.44,46.2,45.14,45.96,3056000,0.0,0
2015-03-19,45.91,46.18,45.56,45.86,2000700,0.0,0
2015-03-20,45.94,46.35,45.56,45.79,4542700,0.0,0
2015-03-23,46.0,46.14,45.5,45.61,4820100,0.0,0
2015-03-24,45.7,46.05,45.23,45.48,1938100,0.0,0
2015-03-25,45.63,45.83,44.71,44.76,4148400,0.0,0
2015-03-26,44.52,44.87,44.2,44.6,3550800,0.0,0
2015-03-27,44.63,45.01,44.5,44.71,2801700,0.0,0
2015-03-30,44.95,45.43,44.9,45.39,2206900,0.0,0
2015-03-31,45.23,45.4,44.78,44.78,2768400,0.0,0
2015-04-01,44.79,45.04,44.46,44.76,4751300,0.0,0
2015-04-02,44.93,45.14,44.69,44.98,3084000,0.0,0
2015-04-06,44.64,45.14,44.51,44.82,2385300,0.0,0
2015-04-07,44.96,45.41,44.9,44.93,2367100,0.083,0
2015-04-08,44.94,45.17,44.69,44.78,2565400,0.0,0
2015-04-09,44.87,45.29,44.73,45.11,2720800,0.0,0
2015-04-10,45.16,45.83,44.87,45.71,2278300,0.0,0
2015-04-13,45.79,45.97,45.2,45.22,2009300,0.0,0
2015-04-14,45.22,45.54,44.6,45.45,2672500,0.0,0
2015-04-15,45.59,45.76,45.46,45.55,1578500,0.0,0
2015-04-16,45.35,45.71,45.2,45.68,1585500,0.0,0
2015-04-17,45.45,45.57,45.02,45.32,2885100,0.0,0
2015-04-20,45.44,45.67,45.26,45.58,2890200,0.0,0
2015-04-21,45.82,46.11,45.64,46.07,3139000,0.0,0
2015-04-22,45.98,46.05,45.48,45.57,2075700,0.0,0
2015-04-23,45.49,45.64,45.13,45.59,2113300,0.0,0
2015-04-24,45.44,46.51,45.28,46.43,3449500,0.0,0
2015-04-27,46.5,46.51,45.29,45.38,2684100,0.0,0
2015-04-28,45.27,45.37,44.23,44.32,4492400,0.0,0
2015-04-29,44.09,44.52,43.7,43.82,3997600,0.0,0
2015-04-30,43.69,44.04,42.94,43.05,4330200,0.0,0
2015-05-01,43.35,43.52,43.02,43.23,5835100,0.0,0
2015-05-04,43.37,44.15,43.33,44.0,4782900,0.0,0
2015-05-05,45.67,45.97,43.73,44.27,7681200,0.0,0
2015-05-06,44.51,44.52,43.79,43.89,4441400,0.0,0
2015-05-07,43.93,44.33,43.64,44.15,2427000,0.0,0
2015-05-08,44.57,44.66,44.16,44.48,2548200,0.0,0
2015-05-11,44.49,44.92,44.26,44.66,3405100,0.0,0
2015-05-12,44.31,44.44,43.94,44.17,2230400,0.0,0
2015-05-13,44.21,44.58,44.01,44.21,2159800,0.0,0
2015-05-14,44.45,44.89,44.07,44.85,1959600,0.0,0
2015-05-15,45.08,45.46,44.99,45.05,2831500,0.0,0
2015-05-18,45.01,45.32,44.89,45.28,2890600,0.0,0
2015-05-19,45.43,46.21,45.29,45.98,3845700,0.0,0
2015-05-20,46.0,46.33,45.54,45.82,2206600,0.0,0
2015-05-21,45.87,46.41,45.59,46.32,3599300,0.0,0
2015-05-22,46.23,46.36,46.03,46.16,1832300,0.0,0
2015-05-26,46.05,46.56,46.04,46.47,3999500,0.0,0
2015-05-27,46.5,47.95,46.2,47.92,5447800,0.0,0
2015-05-28,47.76,48.02,46.9,47.59,4934000,0.0,0
2015-05-29,47.91,48.41,47.61,48.23,5617100,0.0,0
2015-06-01,48.38,48.81,47.84,48.24,4496100,0.0,0
2015-06-02,48.18,48.42,47.39,48.05,2680500,0.0,0
2015-06-03,48.34,48.36,47.81,48.02,1976000,0.0,0
2015-06-04,47.53,48.06,47.34,47.39,2080700,0.0,0
2015-06-05,47.19,47.65,46.91,47.49,2412000,0.0,0
2015-06-08,47.24,47.7,47.23,47.29,1906400,0.0,0
2015-06-09,47.16,47.84,47.02,47.72,2675500,0.0,0
2015-06-10,47.88,48.36,47.48,48.15,2012100,0.0,0
2015-06-11,48.26,48.49,48.07,48.33,2055700,0.0,0
2015-06-12,48.09,48.32,47.49,47.56,2033300,0.0,0
2015-06-15,47.33,47.82,47.2,47.75,3015000,0.0,0
2015-06-16,47.77,48.19,47.39,48.17,1817900,0.0,0
2015-06-17,48.21,48.81,48.17,48.62,2804400,0.0,0
2015-06-18,48.73,49.03,48.61,48.94,3696100,0.0,0
2015-06-19,48.8,49.05,48.65,48.69,2906800,0.0,0
2015-06-22,49.03,49.13,48.52,48.67,2040400,0.0,0
2015-06-23,48.85,49.28,48.69,48.91,2104100,0.0,0
2015-06-24,48.7,48.74,48.17,48.17,2561900,0.0,0
2015-06-25,48.3,53.67,48.04,53.67,3228100,0.0,0
2015-06-26,52.26,52.33,46.77,47.12,20823300,0.0,0
2015-06-29,47.01,47.18,45.58,45.61,5149400,0.0,0
2015-06-30,46.2,47.11,45.75,46.73,4268800,0.0,0
2015-07-01,47.24,47.52,46.35,46.93,5532100,0.0,0
2015-07-02,47.1,47.15,46.41,46.82,2070900,0.0,0
2015-07-06,46.55,46.9,46.29,46.9,3088100,0.0,0
2015-07-07,47.04,47.27,45.64,46.4,5656200,0.0,0
2015-07-08,45.88,45.96,45.02,45.04,3452800,0.0,0
2015-07-09,45.65,45.9,45.12,45.13,3417400,0.0,0
2015-07-10,45.55,45.73,45.37,45.51,2917500,0.0,0
2015-07-13,45.64,45.97,45.39,45.58,3050000,0.0,0
2015-07-14,45.58,46.09,44.85,45.99,5636300,0.0,0
2015-07-15,46.03,46.16,45.56,45.65,2099400,0.0,0
2015-07-16,45.92,46.73,45.92,46.51,3423500,0.0,0
2015-07-17,46.51,46.81,46.24,46.32,2324000,0.0,0
2015-07-20,46.61,47.51,46.53,47.46,3364200,0.0,0
2015-07-21,48.16,48.21,47.42,47.6,4412700,0.0,0
2015-07-22,47.53,48.51,47.5,48.47,2937300,0.0,0
2015-07-23,48.41,48.83,47.98,48.31,2457900,0.0,0
2015-07-24,48.36,48.74,47.8,47.96,2081000,0.0,0
2015-07-27,47.86,48.04,47.26,47.95,1683500,0.0,0
2015-07-28,47.99,48.04,46.68,47.34,4846300,0.0,0
2015-07-29,47.58,47.64,46.39,46.9,3629900,0.0,0
2015-07-30,46.48,47.21,46.48,47.05,1576800,0.0,0
2015-07-31,47.31,47.92,47.23,47.46,2539800,0.0,0
2015-08-03,47.64,47.96,46.51,46.98,3559500,0.0,0
2015-08-04,47.59,48.45,46.79,47.34,4867300,0.0,0
2015-08-05,47.44,47.6,47.02,47.11,4118200,0.0,0
2015-08-06,48.03,48.7,46.49,46.79,3223400,0.0,0
2015-08-07,46.63,46.97,45.97,46.82,3466000,0.0,0
2015-08-10,47.0,47.57,46.79,46.89,3064500,0.0,0
2015-08-11,46.66,47.12,46.44,46.8,1946700,0.083,0
2015-08-12,46.5,46.67,45.51,46.46,3520300,0.0,0
2015-08-13,46.42,46.96,46.21,46.26,2574800,0.0,0
2015-08-14,46.26,46.26,45.57,46.08,2594500,0.0,0
2015-08-17,45.92,47.28,45.88,47.26,1849600,0.0,0
2015-08-18,47.17,47.35,46.29,46.33,2847800,0.0,0
2015-08-19,46.06,46.77,45.84,46.51,2153500,0.0,0
2015-08-20,45.97,46.28,44.93,45.02,2515600,0.0,0
2015-08-21,44.51,44.96,43.69,43.7,3775200,0.0,0
2015-08-24,41.27,43.65,36.63,42.26,5725500,0.0,0
2015-08-25,43.28,43.53,41.31,41.31,3814300,0.0,0
2015-08-26,42.28,43.03,40.76,42.95,5873300,0.0,0
2015-08-27,43.4,44.8,42.82,44.52,4602100,0.0,0
2015-08-28,44.66,44.78,43.74,44.44,2711400,0.0,0
2015-08-31,44.4,44.57,43.46,43.56,2580000,0.0,0
2015-09-01,42.66,43.58,42.5,42.69,4346100,0.0,0
2015-09-02,43.22,43.84,42.61,43.8,2699700,0.0,0
2015-09-03,43.99,44.28,43.02,43.23,2932500,0.0,0
2015-09-04,42.68,43.42,42.26,42.72,4195500,0.0,0
2015-09-08,43.41,43.62,42.54,43.58,4134900,0.0,0
2015-09-09,43.86,43.93,42.57,42.66,2964700,0.0,0
2015-09-10,42.64,43.61,42.52,43.04,2871200,0.0,0
2015-09-11,43.29,43.81,42.83,43.68,2476200,0.0,0
2015-09-14,43.56,43.68,42.9,43.17,2182200,0.0,0
2015-09-15,43.39,43.81,43.18,43.74,1999900,0.0,0
2015-09-16,43.48,43.54,42.42,43.21,4242600,0.0,0
2015-09-17,43.44,45.26,43.44,44.66,5470500,0.0,0
2015-09-18,43.98,44.36,43.59,43.8,8078600,0.0,0
2015-09-21,43.95,44.24,42.82,43.2,2502700,0.0,0
2015-09-22,42.72,43.22,42.46,42.94,2368400,0.0,0
2015-09-23,42.91,43.35,42.7,43.02,1802500,0.0,0
2015-09-24,42.84,42.91,41.75,42.31,3202000,0.0,0
2015-09-25,42.82,42.85,40.65,41.27,3498000,0.0,0
2015-09-28,41.03,41.06,38.23,38.79,8954900,0.0,0
2015-09-29,39.12,39.58,37.84,38.49,7328400,0.0,0
2015-09-30,39.44,40.01,39.17,39.97,4954100,0.0,0
2015-10-01,39.87,40.13,39.19,40.08,4131800,0.0,0
2015-10-02,39.44,41.78,39.3,41.76,4036800,0.0,0
2015-10-05,41.89,42.12,41.11,41.6,5467700,0.0,0
2015-10-06,41.53,41.84,39.98,40.18,4622200,0.0,0
2015-10-07,40.37,41.46,40.02,41.42,4157200,0.0,0
2015-10-08,41.31,42.13,40.75,41.95,4434600,0.0,0
2015-10-09,41.85,42.04,41.52,41.55,2863000,0.0,0
2015-10-12,41.62,41.81,41.19,41.46,2848100,0.0,0
2015-10-13,41.29,41.86,40.95,41.08,3285500,0.0,0
2015-10-14,41.1,41.7,40.9,41.14,2940800,0.0,0
2015-10-15,40.47,41.86,40.36,41.74,2481500,0.0,0
2015-10-16,41.94,42.85,41.93,42.64,4120400,0.0,0
2015-10-19,42.53,42.72,41.96,42.5,1924800,0.0,0
2015-10-20,42.38,42.5,41.58,41.83,2890400,0.0,0
2015-10-21,42.11,42.28,38.37,40.44,9647400,0.0,0
2015-10-22,40.47,40.67,38.81,39.61,8908000,0.0,0
2015-10-23,39.96,41.92,39.85,41.29,7391500,0.0,0
2015-10-26,41.2,41.7,40.76,41.11,2929300,0.0,0
2015-10-27,41.27,42.09,41.05,41.49,4570300,0.0,0
2015-10-28,41.44,42.51,41.07,42.07,3219100,0.0,0
2015-10-29,42.04,42.62,41.97,42.28,3019000,0.0,0
2015-10-30,42.11,42.41,41.63,41.75,3774400,0.0,0
2015-11-02,42.27,43.22,41.91,42.94,4298800,0.0,0
2015-11-03,45.19,45.61,44.15,45.35,8007200,0.083,0
2015-11-04,45.37,45.85,44.96,45.27,7718100,0.0,0
2015-11-05,45.28,45.5,43.69,44.21,5177500,0.0,0
2015-11-06,44.15,45.01,43.6,44.71,3496200,0.0,0
2015-11-09,44.52,44.78,43.73,44.54,3707900,0.0,0
2015-11-10,44.59,44.78,44.02,44.62,2963200,0.0,0
2015-11-11,44.66,44.66,43.82,43.84,2118900,0.0,0
2015-11-12,43.77,43.95,43.24,43.31,2858600,0.0,0
2015-11-13,43.15,43.84,42.99,43.62,3283700,0.0,0
2015-11-16,43.76,44.17,43.5,44.06,3532300,0.0,0
2015-11-17,43.79,44.84,43.5,44.51,3638700,0.0,0
2015-11-18,44.55,45.9,44.11,45.88,3378000,0.0,0
2015-11-19,45.76,45.91,45.29,45.61,2928500,0.0,0
2015-11-20,45.71,46.26,45.57,46.02,3679400,0.0,0
2015-11-23,45.93,46.13,45.33,45.67,3265300,0.0,0
2015-11-24,45.28,45.7,45.03,45.64,1713500,0.0,0
2015-11-25,45.52,45.93,45.38,45.68,2196800,0.0,0
2015-11-27,45.85,45.93,45.62,45.79,1155100,0.0,0
2015-11-30,45.79,45.95,45.18,45.42,3481900,0.0,0
2015-12-01,45.53,45.84,44.94,45.72,2956900,0.0,0
2015-12-02,45.78,45.88,44.81,45.1,2335100,0.0,0
2015-12-03,45.2,45.26,43.71,43.96,2465300,0.0,0
2015-12-04,44.11,45.22,43.93,45.18,2237600,0.0,0
2015-12-07,45.19,45.54,44.11,44.65,2108700,0.0,0
2015-12-08,44.2,44.93,44.15,44.68,1335200,0.0,0
2015-12-09,44.36,44.91,43.74,43.97,1768000,0.0,0
2015-12-10,43.92,45.21,43.91,44.83,2472300,0.0,0
2015-12-11,44.14,44.74,44.09,44.57,4233700,0.0,0
2015-12-14,44.59,45.36,44.3,45.31,3895900,0.0,0
2015-12-15,45.76,46.34,45.58,45.68,4154100,0.0,0
2015-12-16,46.12,46.24,44.89,45.8,3441900,0.0,0
2015-12-17,45.97,46.26,45.21,45.45,2642300,0.0,0
2015-12-18,45.32,46.31,45.21,45.32,5439700,0.0,0
2015-12-21,45.54,46.07,45.28,46.04,2467100,0.0,0
2015-12-22,46.2,47.13,46.09,46.41,2404600,0.0,0
2015-12-23,46.53,46.78,46.3,46.66,2368400,0.0,0
2015-12-24,46.55,47.12,46.32,46.81,965300,0.0,0
2015-12-28,46.64,46.88,46.28,46.59,928300,0.0,0
2015-12-29,47.04,47.29,46.64,47.0,1483800,0.0,0
2015-12-30,47.0,47.31,46.69,46.94,1453700,0.0,0
2015-12-31,46.61,47.07,46.5,46.6,1768500,0.0,0
2016-01-04,45.65,46.41,45.47,45.97,2871700,0.0,0
2016-01-05,46.21,46.78,45.98,46.69,3116700,0.0,0
2016-01-06,45.97,47.02,45.96,46.7,4670500,0.0,0
2016-01-07,45.7,46.68,45.02,45.28,4324400,0.0,0
2016-01-08,45.65,46.26,44.4,44.62,4946100,0.0,0
2016-01-11,44.83,45.07,42.63,43.36,4306900,0.0,0
2016-01-12,42.67,43.81,42.06,43.74,7774900,0.0,0
2016-01-13,44.01,44.09,41.85,42.06,4197600,0.0,0
2016-01-14,42.15,43.18,41.49,42.92,4794900,0.0,0
2016-01-15,41.82,42.65,41.6,42.19,4529100,0.0,0
2016-01-19,42.99,43.59,41.65,42.1,4595000,0.095,0
2016-01-20,41.49,43.16,41.34,42.68,5212900,0.0,0
2016-01-21,42.68,42.81,41.89,41.99,3777400,0.0,0
2016-01-22,42.49,42.71,42.01,42.3,3397500,0.0,0
2016-01-25,42.16,42.66,41.97,42.11,2364200,0.0,0
2016-01-26,42.2,42.94,42.06,42.76,3797500,0.0,0
2016-01-27,42.56,43.24,41.72,42.06,3242500,0.0,0
2016-01-28,42.3,42.48,41.63,41.76,5660400,0.0,0
2016-01-29,42.11,42.26,41.53,41.96,7032600,0.0,0
2016-02-01,41.91,42.29,41.43,41.87,4702400,0.0,0
2016-02-02,41.36,41.45,40.32,40.66,3441500,0.0,0
2016-02-03,40.78,40.94,39.43,40.26,5145100,0.0,0
2016-02-04,40.11,40.89,39.89,40.49,3949800,0.0,0
2016-02-05,40.27,40.46,39.58,39.87,4058100,0.0,0
2016-02-08,39.38,39.68,38.59,39.17,4314300,0.0,0
2016-02-09,38.58,39.92,38.39,38.85,6277600,0.0,0
2016-02-10,39.15,39.46,38.26,38.33,6629200,0.0,0
2016-02-11,37.99,38.53,37.29,38.36,8058200,0.0,0
2016-02-12,38.8,39.46,38.22,39.41,6734700,0.0,0
2016-02-16,40.61,40.81,38.72,39.41,5614300,0.0,0
2016-02-17,39.75,40.94,39.45,40.74,7226900,0.0,0
2016-02-18,40.51,41.3,40.48,40.96,5350400,0.0,0
2016-02-19,41.0,41.16,40.35,40.77,3844500,0.0,0
2016-02-22,41.05,41.75,40.73,41.69,3476600,0.0,0
2016-02-23,41.5,42.11,41.22,41.3,2499000,0.0,0
2016-02-24,40.88,41.35,40.21,41.3,3086800,0.0,0
2016-02-25,41.3,41.83,40.73,41.81,4135900,0.0,0
2016-02-26,41.9,42.24,41.15,41.29,2654300,0.0,0
2016-02-29,41.03,41.1,40.01,40.02,3550500,0.0,0
2016-03-01,40.44,41.07,39.85,41.03,5280700,0.0,0
2016-03-02,40.85,41.11,40.46,40.66,2507700,0.0,0
2016-03-03,40.66,40.79,39.67,40.04,4473700,0.0,0
2016-03-04,40.04,40.27,39.59,39.77,3557900,0.0,0
2016-03-07,39.57,40.38,39.44,40.16,3540500,0.0,0
2016-03-08,39.81,40.1,39.14,39.21,3266300,0.0,0
2016-03-09,39.52,39.57,38.83,39.44,4083700,0.0,0
2016-03-10,38.91,39.58,38.35,38.9,7999500,0.0,0
2016-03-11,39.18,40.85,39.01,40.81,5890900,0.0,0
2016-03-14,40.58,40.65,40.03,40.26,3338500,0.0,0
2016-03-15,40.02,40.05,38.96,39.69,7034600,0.0,0
2016-03-16,39.83,39.83,39.08,39.44,5147400,0.0,0
2016-03-17,39.46,39.64,38.52,38.71,7288100,0.0,0
2016-03-18,38.91,40.0,38.79,39.83,5812800,0.0,0
2016-03-21,39.87,40.97,39.85,40.57,5461700,0.0,0
2016-03-22,40.54,41.8,40.54,41.67,7592600,0.0,0
2016-03-23,41.72,41.76,41.08,41.56,5261500,0.0,0
2016-03-24,41.2,41.97,41.06,41.4,4796600,0.0,0
2016-03-28,41.41,41.56,40.91,41.11,2038300,0.0,0
2016-03-29,40.94,42.05,40.8,42.03,2763500,0.0,0
2016-03-30,42.15,43.26,42.14,42.91,5311700,0.0,0
2016-03-31,42.3,43.42,42.16,43.21,6326700,0.0,0
2016-04-01,42.91,43.92,42.86,43.85,4549300,0.0,0
2016-04-04,43.96,44.87,43.89,44.6,5400600,0.0,0
2016-04-05,44.21,44.91,43.96,44.78,6004300,0.095,0
2016-04-06,44.73,46.49,44.64,46.17,6180800,0.0,0
2016-04-07,45.87,46.14,45.74,46.09,5865600,0.0,0
2016-04-08,46.26,46.35,45.46,45.85,4872700,0.0,0
2016-04-11,45.91,45.94,45.4,45.58,3962100,0.0,0
2016-04-12,45.75,46.02,45.51,45.92,3634800,0.0,0
2016-04-13,46.05,46.39,45.86,46.39,3295700,0.0,0
2016-04-14,46.17,46.84,46.02,46.56,3065300,0.0,0
2016-04-15,46.64,47.02,46.46,46.99,3189400,0.0,0
2016-04-18,46.86,47.64,46.66,47.44,3033300,0.0,0
2016-04-19,47.56,47.96,47.23,47.43,2426200,0.0,0
2016-04-20,47.43,47.59,46.77,47.34,2702100,0.0,0
2016-04-21,47.29,47.69,46.92,47.31,2998900,0.0,0
2016-04-22,47.41,47.81,47.06,47.51,2117600,0.0,0
2016-04-25,47.21,47.23,46.11,46.22,5239600,0.0,0
2016-04-26,46.3,46.65,45.86,46.5,3360100,0.0,0
2016-04-27,46.5,46.7,46.24,46.35,2490100,0.0,0
2016-04-28,46.13,46.53,45.88,46.09,1888600,0.0,0
2016-04-29,46.06,46.21,45.53,45.93,3342300,0.0,0
2016-05-02,46.1,46.98,45.78,46.91,3705400,0.0,0
2016-05-03,46.77,47.24,46.51,47.03,4474600,0.0,0
2016-05-04,46.79,46.92,44.98,45.95,5430400,0.0,0
2016-05-05,46.22,47.16,45.93,47.12,3536200,0.0,0
2016-05-06,46.21,46.62,45.77,46.24,3499600,0.0,0
2016-05-09,46.28,46.91,46.02,46.39,6012400,0.0,0
2016-05-10,45.21,45.55,45.07,45.48,12371400,0.0,0
2016-05-11,45.42,45.76,44.92,44.93,5596500,0.0,0
2016-05-12,44.78,45.34,44.5,45.17,6171400,0.0,0
2016-05-13,45.27,45.51,44.96,45.31,3167500,0.0,0
2016-05-16,45.07,45.85,45.01,45.68,3694300,0.0,0
2016-05-17,45.62,45.83,45.15,45.42,2562600,0.0,0
2016-05-18,45.27,46.12,45.23,45.87,3498500,0.0,0
2016-05-19,45.7,45.84,44.85,45.35,2189200,0.0,0
2016-05-20,45.61,46.0,45.44,45.96,5065200,0.0,0
2016-05-23,45.91,45.94,45.32,45.32,2356000,0.0,0
2016-05-24,45.72,46.26,45.65,46.19,3450200,0.0,0
2016-05-25,46.29,46.45,45.79,45.91,4637700,0.0,0
2016-05-26,45.8,46.36,45.68,46.23,3116900,0.0,0
2016-05-27,46.43,46.57,46.0,46.08,2023200,0.0,0
2016-05-31,46.32,46.6,46.01,46.32,2804200,0.0,0
2016-06-01,46.38,46.88,46.13,46.74,2140700,0.0,0
2016-06-02,46.77,47.06,46.55,47.01,1750900,0.0,0
2016-06-03,46.97,46.99,46.33,46.81,2287000,0.0,0
2016-06-06,46.81,47.29,46.72,47.28,2006600,0.0,0
2016-06-07,46.96,47.4,46.77,47.22,2432500,0.0,0
2016-06-08,47.24,47.45,47.09,47.32,1827200,0.0,0
2016-06-09,47.23,47.55,46.8,47.02,2121200,0.0,0
2016-06-10,46.24,46.49,45.86,46.29,4378900,0.0,0
2016-06-13,46.07,46.22,45.08,45.11,2829900,0.0,0
2016-06-14,44.96,46.13,44.9,46.09,4244700,0.0,0
2016-06-15,46.09,46.6,46.03,46.12,3517900,0.0,0
2016-06-16,45.91,46.26,45.48,46.16,2366900,0.0,0
2016-06-17,46.11,46.16,45.36,45.36,4010000,0.0,0
2016-06-20,45.92,46.21,45.74,45.82,2543500,0.0,0
2016-06-21,46.03,46.27,45.59,46.19,2698500,0.0,0
2016-06-22,46.06,46.68,45.75,46.23,2640200,0.0,0
2016-06-23,46.49,46.78,46.34,46.78,2291500,0.0,0
2016-06-24,45.15,46.26,45.1,45.43,6423700,0.0,0
2016-06-27,45.22,45.5,44.23,44.36,5046800,0.0,0
2016-06-28,44.92,45.43,44.71,45.43,3628500,0.095,0
2016-06-29,45.88,46.37,45.69,46.24,3603900,0.0,0
2016-06-30,46.19,46.52,45.97,46.45,3769000,0.0,0
2016-07-01,46.49,46.96,46.34,46.44,2008300,0.0,0
2016-07-05,46.18,46.62,45.85,46.49,2655400,0.0,0
2016-07-06,46.21,47.12,46.01,47.07,3451600,0.0,0
2016-07-07,47.08,47.15,46.45,46.68,2338000,0.0,0
2016-07-08,46.82,47.58,46.77,47.47,2852000,0.0,0
2016-07-11,47.55,47.65,47.25,47.26,2011600,0.0,0
2016-07-12,47.5,47.88,47.2,47.83,1824100,0.0,0
2016-07-13,48.03,48.23,47.9,48.15,2574300,0.0,0
2016-07-14,48.57,49.0,48.32,48.92,2617900,0.0,0
2016-07-15,49.02,49.2,48.47,48.62,2089100,0.0,0
2016-07-18,48.63,49.14,48.53,48.66,2756800,0.0,0
2016-07-19,48.45,48.68,47.96,48.32,2305700,0.0,0
2016-07-20,48.47,49.27,48.41,49.18,2530800,0.0,0
2016-07-21,49.14,49.32,48.95,49.07,1710800,0.0,0
2016-07-22,49.1,49.29,48.81,49.19,1308000,0.0,0
2016-07-25,49.12,49.17,48.67,48.93,2053700,0.0,0
2016-07-26,48.94,48.99,48.63,48.86,2582500,0.0,0
2016-07-27,48.86,49.0,48.58,48.79,3930000,0.0,0
2016-07-28,48.79,49.1,48.52,49.0,2852900,0.0,0
2016-07-29,48.93,49.51,48.91,49.4,3501500,0.0,0
2016-08-01,49.4,49.66,49.3,49.33,3715300,0.0,0
2016-08-02,49.15,49.18,48.24,48.66,5500500,0.0,0
2016-08-03,51.04,51.07,49.64,50.12,5425500,0.0,0
2016-08-04,50.44,50.89,50.1,50.32,4520300,0.0,0
2016-08-05,50.64,50.64,49.94,50.0,4222000,0.0,0
2016-08-08,49.94,49.98,49.41,49.72,5174600,0.0,0
2016-08-09,49.75,49.9,49.56,49.85,3666700,0.0,0
2016-08-10,49.69,50.9,49.53,50.71,5086400,0.0,0
2016-08-11,50.79,51.05,50.54,50.96,3056900,0.0,0
2016-08-12,50.83,50.99,50.6,50.88,1980700,0.0,0
2016-08-15,51.05,51.37,50.97,51.27,2280700,0.0,0
2016-08-16,51.05,51.35,50.84,50.98,2696900,0.0,0
2016-08-17,51.19,51.26,50.59,51.19,3027600,0.0,0
2016-08-18,51.29,51.52,50.98,51.18,1842500,0.0,0
2016-08-19,50.95,51.49,50.95,51.42,2713900,0.0,0
2016-08-22,50.9,51.16,50.02,50.14,5297800,0.0,0
2016-08-23,50.3,50.54,50.14,50.16,3518500,0.0,0
2016-08-24,50.17,50.33,49.49,49.55,3262800,0.0,0
2016-08-25,49.54,49.95,49.29,49.4,2919300,0.0,0
2016-08-26,49.58,50.07,49.4,49.68,2707100,0.0,0
2016-08-29,49.68,49.88,49.35,49.68,2370700,0.0,0
2016-08-30,49.6,49.82,49.3,49.67,2878600,0.0,0
2016-08-31,49.66,50.09,49.41,50.01,3446700,0.0,0
2016-09-01,50.06,50.06,49.54,50.02,2695000,0.0,0
2016-09-02,50.25,50.31,49.99,50.17,2226500,0.0,0
2016-09-06,50.32,50.61,50.07,50.2,3957400,0.0,0
2016-09-07,50.35,50.94,50.3,50.93,3766400,0.0,0
2016-09-08,50.92,50.99,50.21,50.32,5517300,0.0,0
2016-09-09,50.14,50.14,49.31,49.32,3173300,0.0,0
2016-09-12,49.12,50.25,49.01,50.06,5678000,0.0,0
2016-09-13,49.65,49.84,49.12,49.25,3880000,0.0,0
2016-09-14,49.35,49.75,49.28,49.48,3544600,0.0,0
2016-09-15,49.63,49.85,49.13,49.64,3331000,0.0,0
2016-09-16,49.79,49.79,49.23,49.44,8679600,0.0,0
2016-09-19,49.57,49.76,49.2,49.25,2429000,0.0,0
2016-09-20,49.57,49.67,49.44,49.53,1722800,0.0,0
2016-09-21,49.53,50.03,49.35,49.98,2487000,0.0,0
2016-09-22,50.11,50.72,50.06,50.53,3172900,0.0,0
2016-09-23,50.53,50.67,50.24,50.42,2560500,0.0,0
2016-09-26,50.31,50.31,49.98,50.12,3267000,0.0,0
2016-09-27,50.11,50.78,49.81,50.77,3203400,0.0,0
2016-09-28,50.88,51.06,50.13,50.65,2842300,0.0,0
2016-09-29,50.64,50.81,49.85,49.94,2877900,0.0,0
2016-09-30,50.05,51.01,49.87,50.91,3971600,0.0,0
2016-10-03,50.66,51.32,50.53,51.25,2412700,0.0,0
2016-10-04,51.32,51.49,50.68,51.2,3189800,0.0,0
2016-10-05,51.2,51.31,50.85,51.07,2607500,0.0,0
2016-10-06,50.84,50.91,50.31,50.55,2702500,0.0,0
2016-10-07,50.97,51.1,50.45,50.75,3323600,0.0,0
2016-10-10,50.9,52.01,50.9,51.57,3118800,0.0,0
2016-10-11,51.2,51.24,49.16,49.88,7512200,0.0,0
2016-10-12,49.95,50.47,49.71,50.33,4602000,0.0,0
2016-10-13,50.04,50.11,49.57,49.94,2812200,0.0,0
2016-10-14,50.07,50.08,49.11,49.11,2485400,0.0,0
2016-10-17,49.08,49.22,48.81,48.97,2644600,0.0,0
2016-10-18,49.5,50.04,49.44,49.98,2032600,0.0,0
2016-10-19,50.3,50.3,49.74,50.02,1605200,0.0,0
2016-10-20,49.99,50.32,49.89,50.21,1497800,0.0,0
2016-10-21,49.9,50.08,49.62,49.86,2032200,0.0,0
2016-10-24,49.98,50.1,49.73,49.95,1674000,0.0,0
2016-10-25,49.39,49.39,48.59,48.93,3556800,0.0,0
2016-10-26,48.51,48.59,47.69,47.73,3930100,0.0,0
2016-10-27,48.08,48.2,47.63,47.73,2564500,0.0,0
2016-10-28,47.46,47.69,46.88,47.53,3621800,0.0,0
2016-10-31,47.66,47.74,46.75,46.78,4635800,0.0,0
2016-11-01,46.69,46.98,45.96,46.34,8722800,0.095,0
2016-11-02,49.93,50.0,47.89,49.14,8106200,0.0,0
2016-11-03,49.2,49.25,47.77,48.01,4550200,0.0,0
2016-11-04,48.11,49.25,48.03,48.98,4234200,0.0,0
2016-11-07,49.64,49.86,48.86,49.02,9364500,0.0,0
2016-11-08,48.76,49.98,48.4,49.36,3852200,0.0,0
2016-11-09,50.89,51.18,49.35,50.02,5102900,0.0,0
2016-11-10,50.65,50.84,49.51,50.1,5661800,0.0,0
2016-11-11,49.86,49.98,49.16,49.63,3526600,0.0,0
2016-11-14,49.87,50.02,47.96,48.02,3681300,0.0,0
2016-11-15,47.77,48.24,47.31,48.2,5996800,0.0,0
2016-11-16,48.31,48.68,47.83,47.9,2941500,0.0,0
2016-11-17,48.13,48.6,47.86,48.26,3645100,0.0,0
2016-11-18,48.3,49.14,48.28,48.93,4747900,0.0,0
2016-11-21,48.99,49.18,48.79,49.04,2730200,0.0,0
2016-11-22,48.89,49.04,48.12,48.67,3018500,0.0,0
2016-11-23,48.43,49.21,47.93,49.21,2056200,0.0,0
2016-11-25,49.38,49.52,49.09,49.21,804700,0.0,0
2016-11-28,49.04,49.42,48.83,49.18,2695200,0.0,0
2016-11-29,49.06,49.6,49.06,49.48,2313600,0.0,0
2016-11-30,49.63,49.84,49.3,49.41,3782100,0.0,0
2016-12-01,49.44,49.57,47.68,48.21,4252000,0.0,0
2016-12-02,48.37,48.41,47.61,48.15,3182800,0.0,0
2016-12-05,48.01,48.88,48.01,48.86,2578200,0.0,0
2016-12-06,48.72,49.26,48.59,49.25,2573000,0.0,0
2016-12-07,50.21,50.39,48.83,50.27,4037800,0.0,0
2016-12-08,49.92,50.7,49.68,50.68,3217000,0.0,0
2016-12-09,50.86,51.47,50.6,50.89,2664300,0.0,0
2016-12-12,50.82,50.93,49.79,49.94,5021800,0.0,0
2016-12-13,50.27,50.44,49.83,50.07,5177700,0.0,0
2016-12-14,50.05,50.48,49.59,49.86,2890500,0.0,0
2016-12-15,51.16,51.75,50.66,51.31,3995200,0.0,0
2016-12-16,51.45,51.73,51.22,51.45,3959800,0.0,0
2016-12-19,51.45,52.04,51.25,51.38,2137800,0.0,0
2016-12-20,52.19,52.45,51.81,52.08,2580800,0.0,0
2016-12-21,52.3,52.38,51.71,52.1,2754600,0.0,0
2016-12-22,51.65,52.34,51.65,52.23,1515800,0.0,0
2016-12-23,52.17,52.74,52.15,52.74,1942400,0.0,0
2016-12-27,52.74,53.11,52.61,52.68,1345000,0.0,0
2016-12-28,52.72,52.81,52.32,52.41,1241900,0.0,0
2016-12-29,52.44,52.74,52.37,52.59,1046700,0.0,0
2016-12-30,52.61,52.7,52.24,52.5,1701200,0.0,0
2017-01-03,52.84,53.33,52.31,52.56,3579700,0.0,0
2017-01-04,52.68,53.13,52.08,53.07,3316300,0.0,0
2017-01-05,53.1,53.12,52.57,52.89,2469100,0.0,0
2017-01-06,52.81,53.66,52.69,53.06,2845800,0.0,0
2017-01-09,53.05,53.3,52.36,52.91,2123300,0.0,0
2017-01-10,52.99,53.24,52.65,52.89,2087100,0.0,0
2017-01-11,52.8,53.07,51.69,52.28,3400500,0.0,0
2017-01-12,52.07,52.55,52.01,52.36,1513600,0.0,0
2017-01-13,52.52,52.84,52.32,52.7,2458700,0.0,0
2017-01-17,52.47,52.64,51.91,52.19,2213400,0.0,0
2017-01-18,52.46,53.07,52.12,52.38,3199900,0.105,0
2017-01-19,52.38,52.69,52.2,52.57,2902500,0.0,0
2017-01-20,52.7,53.45,52.67,53.03,3573500,0.0,0
2017-01-23,52.72,53.06,52.66,52.82,2978600,0.0,0
2017-01-24,52.82,53.05,52.53,52.85,2490900,0.0,0
2017-01-25,53.16,53.35,52.8,53.06,5709100,0.0,0
2017-01-26,52.7,53.5,52.66,52.91,2272000,0.0,0
2017-01-27,53.15,53.77,53.03,53.7,2326800,0.0,0
2017-01-30,53.45,53.56,52.94,53.33,2317100,0.0,0
2017-01-31,53.07,54.02,52.87,53.99,3616500,0.0,0
2017-02-01,53.98,54.39,53.67,54.36,2492100,0.0,0
2017-02-02,54.06,54.75,53.77,54.73,2723000,0.0,0
2017-02-03,54.88,55.1,54.57,54.95,2309400,0.0,0
2017-02-06,54.69,54.88,54.46,54.8,2894300,0.0,0
2017-02-07,55.14,55.34,54.72,55.01,2402700,0.0,0
2017-02-08,55.0,55.34,54.76,54.99,2888900,0.0,0
2017-02-09,54.99,55.52,54.94,54.99,2655800,0.0,0
2017-02-10,55.03,55.12,54.59,54.76,6160900,0.0,0
2017-02-13,53.55,54.53,53.51,54.18,5636000,0.0,0
2017-02-14,54.18,54.3,53.84,54.07,5216300,0.0,0
2017-02-15,53.84,54.35,53.26,54.19,5639900,0.0,0
2017-02-16,53.74,53.93,51.1,51.86,12881800,0.0,0
2017-02-17,52.09,52.59,51.41,51.6,8167500,0.0,0
2017-02-21,51.58,52.73,51.43,52.54,5931400,0.0,0
2017-02-22,51.94,52.61,51.81,52.45,3595600,0.0,0
2017-02-23,52.57,52.86,52.34,52.65,4673400,0.0,0
2017-02-24,52.6,52.97,52.28,52.94,4819700,0.0,0
2017-02-27,52.92,53.24,52.62,52.9,4220600,0.0,0
2017-02-28,52.53,53.03,52.32,52.38,4106300,0.0,0
2017-03-01,52.8,53.14,52.62,52.95,3581100,0.0,0
2017-03-02,53.06,53.14,52.38,52.44,3299900,0.0,0
2017-03-03,52.41,52.79,52.33,52.49,2483600,0.0,0
2017-03-06,52.09,52.4,51.96,52.16,1832300,0.0,0
2017-03-07,51.94,52.45,51.73,52.15,2763200,0.0,0
2017-03-08,52.1,52.48,51.87,52.08,2095300,0.0,0
2017-03-09,52.13,52.79,51.99,52.76,3188000,0.0,0
2017-03-10,52.77,52.83,52.28,52.41,2833500,0.0,0
2017-03-13,52.4,52.7,52.32,52.63,2297800,0.0,0
2017-03-14,52.4,52.62,52.14,52.49,2277500,0.0,0
2017-03-15,52.46,53.45,52.46,53.34,2926100,0.0,0
2017-03-16,53.53,53.53,53.16,53.49,3245900,0.0,0
2017-03-17,53.67,53.87,52.92,53.06,4510200,0.0,0
2017-03-20,53.1,53.51,52.9,53.34,2180600,0.0,0
2017-03-21,53.52,53.84,52.32,52.46,3008300,0.0,0
2017-03-22,52.47,53.01,52.32,52.94,3276800,0.0,0
2017-03-23,52.95,53.25,52.67,52.87,3015600,0.0,0
2017-03-24,52.92,53.27,52.66,52.92,2384000,0.0,0
2017-03-27,52.56,53.23,52.47,53.03,3168400,0.0,0
2017-03-28,52.88,53.37,52.76,53.22,2328200,0.0,0
2017-03-29,53.1,53.33,52.79,52.89,2269900,0.0,0
2017-03-30,52.89,52.89,52.33,52.54,2697500,0.0,0
2017-03-31,52.06,52.72,52.06,52.44,3163800,0.0,0
2017-04-03,52.42,52.52,51.9,52.25,2806500,0.0,0
2017-04-04,52.25,52.35,51.56,51.84,3001600,0.105,0
2017-04-05,51.93,52.51,51.81,51.86,3762900,0.0,0
2017-04-06,51.87,51.95,51.44,51.86,4210500,0.0,0
2017-04-07,51.77,51.95,51.56,51.73,2218700,0.0,0
2017-04-10,51.79,52.24,51.66,51.93,1772300,0.0,0
2017-04-11,51.76,52.05,51.55,52.04,1976400,0.0,0
2017-04-12,51.76,52.41,51.72,52.4,2764500,0.0,0
2017-04-13,52.29,52.54,52.14,52.28,2104900,0.0,0
2017-04-17,52.27,52.74,52.18,52.68,1975300,0.0,0
2017-04-18,52.38,52.81,52.23,52.72,2194400,0.0,0
2017-04-19,52.89,53.35,52.81,53.02,4102700,0.0,0
2017-04-20,53.16,53.62,52.82,53.45,2232800,0.0,0
2017-04-21,53.39,53.54,53.17,53.35,2124700,0.0,0
2017-04-24,53.84,54.3,53.75,54.14,2770600,0.0,0
2017-04-25,54.27,54.31,53.86,54.27,4346100,0.0,0
2017-04-26,54.3,54.82,54.23,54.71,2665800,0.0,0
2017-04-27,54.8,55.78,54.66,55.59,2986400,0.0,0
2017-04-28,55.59,55.75,55.22,55.25,3341800,0.0,0
2017-05-01,55.27,55.69,55.17,55.41,3607800,0.0,0
2017-05-02,55.42,55.66,55.03,55.6,3728600,0.0,0
2017-05-03,55.23,55.53,54.64,54.73,5795900,0.0,0
2017-05-04,54.63,58.68,54.63,57.96,6923200,0.0,0
2017-05-05,57.85,58.69,57.58,58.55,6896000,0.0,0
2017-05-08,58.47,58.82,57.4,57.9,3160700,0.0,0
2017-05-09,57.89,58.77,57.65,58.51,3130500,0.0,0
2017-05-10,58.08,59.2,58.08,58.98,4052800,0.0,0
2017-05-11,58.76,58.97,58.34,58.8,3175500,0.0,0
2017-05-12,59.1,59.26,58.65,58.96,3425100,0.0,0
2017-05-15,58.85,59.14,58.64,59.08,2319400,0.0,0
2017-05-16,59.31,59.45,58.98,59.4,1816300,0.0,0
2017-05-17,59.4,59.4,58.77,58.81,2397600,0.0,0
2017-05-18,58.81,59.36,58.69,58.99,1583700,0.0,0
2017-05-19,59.06,59.68,59.02,59.38,2567700,0.0,0
2017-05-22,59.46,59.94,59.35,59.38,3117300,0.0,0
2017-05-23,59.57,60.51,59.57,60.48,3330500,0.0,0
2017-05-24,60.48,61.53,60.44,61.34,3689100,0.0,0
2017-05-25,61.6,61.67,61.21,61.62,2864900,0.0,0
2017-05-26,61.81,62.14,61.43,61.65,1985500,0.0,0
2017-05-30,61.49,61.73,60.91,61.3,2884400,0.0,0
2017-05-31,61.62,61.73,61.14,61.32,3789800,0.0,0
2017-06-01,61.49,61.67,61.03,61.67,3112500,0.0,0
2017-06-02,61.81,62.32,61.43,61.54,4110100,0.0,0
2017-06-05,61.46,61.81,61.19,61.7,3364600,0.0,0
2017-06-06,61.54,62.11,61.53,62.01,2420400,0.0,0
2017-06-07,61.96,62.44,61.88,62.29,1904700,0.0,0
2017-06-08,62.29,62.51,61.5,61.62,3202000,0.0,0
2017-06-09,61.53,62.13,61.41,61.63,2021700,0.0,0
2017-06-12,61.65,61.74,60.32,60.9,4522600,0.0,0
2017-06-13,60.87,61.44,60.08,61.11,2007100,0.105,0
2017-06-14,61.16,61.74,60.86,61.38,1822100,0.0,0
2017-06-15,60.98,61.68,60.88,61.53,1605500,0.0,0
2017-06-16,61.87,62.13,61.41,61.69,2821300,0.0,0
2017-06-19,62.02,62.42,61.93,62.16,1839500,0.0,0
2017-06-20,62.51,62.97,61.99,62.13,2077500,0.0,0
2017-06-21,62.26,62.61,61.98,62.13,2363000,0.0,0
2017-06-22,62.13,62.96,61.95,62.64,2379300,0.0,0
2017-06-23,62.63,62.65,61.62,61.92,5215500,0.0,0
2017-06-26,62.01,62.06,61.39,61.86,1911700,0.0,0
2017-06-27,61.86,62.33,61.76,61.9,2329900,0.0,0
2017-06-28,62.13,62.59,61.75,62.09,1635200,0.0,0
2017-06-29,62.2,62.41,61.2,61.64,1782100,0.0,0
2017-06-30,61.6,62.07,61.51,61.52,1890200,0.0,0
2017-07-03,61.54,61.98,61.41,61.81,744300,0.0,0
2017-07-05,61.85,62.02,61.48,61.69,3000300,0.0,0
2017-07-06,61.49,61.64,60.81,60.94,2319600,0.0,0
2017-07-07,61.44,61.95,61.27,61.73,2289500,0.0,0
2017-07-10,61.64,61.85,61.42,61.61,1596800,0.0,0
2017-07-11,61.55,61.64,61.11,61.36,1220200,0.0,0
2017-07-12,61.59,62.08,61.55,61.7,2016200,0.0,0
2017-07-13,61.7,62.22,61.63,62.18,2976100,0.0,0
2017-07-14,62.28,62.66,62.04,62.48,2131400,0.0,0
2017-07-17,62.58,62.64,62.16,62.2,1695800,0.0,0
2017-07-18,62.13,62.13,61.4,61.6,1808400,0.0,0
2017-07-19,61.85,61.93,61.43,61.56,1850600,0.0,0
2017-07-20,61.7,62.08,61.66,61.89,1394600,0.0,0
2017-07-21,61.89,62.55,61.53,62.29,2097200,0.0,0
2017-07-24,62.33,62.59,62.18,62.42,1811900,0.0,0
2017-07-25,62.11,62.16,60.28,60.44,6067900,0.0,0
2017-07-26,60.04,61.35,59.96,61.21,3153600,0.0,0
2017-07-27,61.21,61.35,60.85,61.16,2090500,0.0,0
2017-07-28,61.3,61.79,61.21,61.36,1540600,0.0,0
2017-07-31,61.59,61.97,61.46,61.66,2130400,0.0,0
2017-08-01,61.74,61.83,61.07,61.41,1751000,0.0,0
2017-08-02,61.19,61.36,60.54,60.69,1831100,0.0,0
2017-08-03,60.39,61.61,60.36,61.42,1768800,0.0,0
2017-08-04,61.51,61.99,61.01,61.27,1277500,0.0,0
2017-08-07,61.27,61.48,60.41,60.98,4208300,0.0,0
2017-08-08,59.66,60.16,58.68,59.18,4663700,0.0,0
2017-08-09,59.13,60.03,58.94,59.97,4017300,0.0,0
2017-08-10,60.03,60.53,58.89,58.92,2690700,0.0,0
2017-08-11,59.23,59.39,58.82,58.91,2285200,0.0,0
2017-08-14,59.36,59.99,59.22,59.91,2475400,0.0,0
2017-08-15,60.02,60.83,59.73,60.19,2220800,0.0,0
2017-08-16,60.43,60.69,60.24,60.66,1388900,0.0,0
2017-08-17,60.58,61.12,60.04,60.06,1765700,0.0,0
2017-08-18,59.88,60.24,59.61,59.92,1513100,0.0,0
2017-08-21,59.98,60.63,59.82,60.51,1806300,0.0,0
2017-08-22,60.42,60.96,60.26,60.75,3459300,0.0,0
2017-08-23,60.6,60.75,60.39,60.52,1597900,0.0,0
2017-08-24,60.76,60.76,60.31,60.55,2099000,0.0,0
2017-08-25,60.88,61.12,60.4,60.49,1965900,0.0,0
2017-08-28,60.68,60.99,60.54,60.69,2102100,0.0,0
2017-08-29,60.52,60.82,60.24,60.66,1331300,0.0,0
2017-08-30,60.68,61.34,60.66,61.09,2101800,0.0,0
2017-08-31,61.31,61.96,61.03,61.84,2934200,0.0,0
2017-09-01,61.89,62.11,61.57,62.01,1407500,0.0,0
2017-09-05,61.84,62.38,61.78,62.3,2859900,0.0,0
2017-09-06,62.68,62.73,62.19,62.52,3216100,0.0,0
2017-09-07,62.71,64.23,62.36,63.96,2558500,0.0,0
2017-09-08,63.96,64.19,63.73,63.81,2608200,0.0,0
2017-09-11,64.43,64.49,63.63,64.38,1842400,0.0,0
2017-09-12,64.35,64.6,64.28,64.5,1832000,0.0,0
2017-09-13,64.42,64.93,64.32,64.38,1517200,0.0,0
2017-09-14,64.21,64.37,63.88,64.35,2584700,0.0,0
2017-09-15,64.51,64.74,63.98,64.3,2115400,0.0,0
2017-09-18,64.41,64.52,63.75,64.3,1584900,0.0,0
2017-09-19,64.48,64.51,63.64,63.89,2005800,0.0,0
2017-09-20,63.83,64.19,63.13,63.59,2634700,0.0,0
2017-09-21,63.61,63.97,63.32,63.36,1232200,0.0,0
2017-09-22,63.42,63.66,63.06,63.28,1538400,0.0,0
2017-09-25,63.3,63.4,62.64,62.8,2214300,0.0,0
2017-09-26,62.83,63.26,62.42,62.46,1580000,0.0,0
2017-09-27,62.52,62.81,62.15,62.34,1959700,0.0,0
2017-09-28,62.5,62.85,61.93,62.45,1689700,0.0,0
2017-09-29,62.49,62.9,62.03,62.88,1981400,0.0,0
2017-10-02,62.96,63.51,62.82,62.87,1838500,0.0,0
2017-10-03,62.87,63.22,62.53,62.72,1809500,0.0,0
2017-10-04,62.81,63.13,62.61,62.7,1954400,0.0,0
2017-10-05,62.55,63.11,62.41,62.87,2345500,0.0,0
2017-10-06,62.87,63.08,62.71,62.87,2543600,0.0,0
2017-10-09,62.93,62.99,62.64,62.85,1257600,0.0,0
2017-10-10,62.87,63.15,62.57,63.11,2014600,0.0,0
2017-10-11,63.02,63.4,62.91,63.4,1612000,0.0,0
2017-10-12,63.36,64.05,63.31,64.02,1837900,0.0,0
2017-10-13,64.04,64.63,63.83,64.54,2401600,0.0,0
2017-10-16,64.69,64.9,64.46,64.81,2453400,0.0,0
2017-10-17,64.75,65.2,64.53,64.91,2251600,0.0,0
2017-10-18,65.0,65.0,64.35,64.66,1723200,0.0,0
2017-10-19,64.6,64.79,64.27,64.68,1572000,0.0,0
2017-10-20,64.73,65.08,64.34,65.03,1690100,0.0,0
2017-10-23,65.29,65.44,64.37,64.38,1782100,0.0,0
2017-10-24,64.43,64.83,63.95,64.09,1780700,0.0,0
2017-10-25,63.92,64.1,63.4,63.5,1964400,0.0,0
2017-10-26,63.7,63.7,62.72,62.86,3112800,0.0,0
2017-10-27,62.88,63.49,62.65,63.17,2911700,0.0,0
2017-10-30,63.17,63.17,62.16,62.37,3912200,0.0,0
2017-10-31,62.54,63.26,62.38,62.94,3798400,0.0,0
2017-11-01,63.32,64.19,63.14,63.62,3066000,0.0,0
2017-11-02,63.42,66.92,63.42,66.39,5185600,0.0,0
2017-11-03,66.84,67.86,66.51,67.75,4320700,0.0,0
2017-11-06,67.97,69.51,67.9,68.75,3884100,0.0,0
2017-11-07,68.77,69.29,67.21,67.51,5010100,0.0,0
2017-11-08,67.17,68.77,66.93,68.66,3933500,0.105,0
2017-11-09,68.31,68.65,68.12,68.45,2406600,0.0,0
2017-11-10,68.11,68.39,67.74,68.29,1905700,0.0,0
2017-11-13,68.17,68.45,67.72,68.04,2747300,0.0,0
2017-11-14,67.94,69.1,67.73,69.05,2372000,0.0,0
2017-11-15,68.84,69.47,68.5,68.77,2075500,0.0,0
2017-11-16,69.11,69.63,68.86,69.55,2055500,0.0,0
2017-11-17,69.38,70.25,69.38,69.92,2355100,0.0,0
2017-11-20,69.93,70.27,69.63,70.08,2268300,0.0,0
2017-11-21,70.16,71.26,70.1,70.49,2725400,0.0,0
2017-11-22,70.46,70.95,70.08,70.2,1437200,0.0,0
2017-11-24,70.3,70.55,70.06,70.42,1200300,0.0,0
2017-11-27,70.62,70.92,70.35,70.67,1997500,0.0,0
2017-11-28,70.72,70.75,70.39,70.52,2610400,0.0,0
2017-11-29,71.11,71.22,70.41,70.73,1618400,0.0,0
2017-11-30,70.96,71.82,70.96,71.41,2602100,0.0,0
2017-12-01,71.34,71.47,70.41,71.42,1932200,0.0,0
2017-12-04,71.55,71.9,70.13,70.15,3581400,0.0,0
2017-12-05,69.95,70.89,69.74,69.98,2261500,0.0,0
2017-12-06,69.74,70.24,69.62,70.1,1507400,0.0,0
2017-12-07,70.1,70.96,69.9,70.76,2694400,0.0,0
2017-12-08,71.01,71.1,70.43,71.0,1640000,0.0,0
2017-12-11,70.96,71.09,70.65,70.89,1172500,0.0,0
2017-12-12,70.89,71.77,70.76,71.35,1939900,0.0,0
2017-12-13,71.26,72.1,71.18,71.5,1595100,0.0,0
2017-12-14,71.37,71.57,70.7,70.88,1364500,0.0,0
2017-12-15,71.33,71.39,70.65,71.08,2843200,0.0,0
2017-12-18,71.08,72.03,71.03,71.74,1657800,0.0,0
2017-12-19,71.93,72.68,71.84,71.91,1946300,0.0,0
2017-12-20,71.79,72.27,71.29,71.82,1806300,0.0,0
2017-12-21,72.11,72.41,71.39,71.4,1163500,0.0,0
2017-12-22,71.39,71.49,70.91,71.11,1345700,0.0,0
2017-12-26,71.52,71.66,71.02,71.46,791900,0.0,0
2017-12-27,71.7,71.8,71.37,71.56,1159800,0.0,0
2017-12-28,71.6,71.71,71.26,71.51,710500,0.0,0
2017-12-29,71.66,71.87,71.16,71.16,1704100,0.0,0
2018-01-02,71.65,71.7,70.6,70.89,2135600,0.0,0
2018-01-03,70.89,71.3,70.47,71.22,2328200,0.0,0
2018-01-04,71.86,72.02,71.38,71.64,2534000,0.0,0
2018-01-05,71.94,73.02,71.68,72.46,2166100,0.0,0
2018-01-08,72.53,73.51,72.27,73.33,3631400,0.0,0
2018-01-09,73.79,74.55,73.56,74.19,2721800,0.0,0
2018-01-10,73.67,73.89,72.38,73.01,2257200,0.0,0
2018-01-11,73.15,73.77,72.82,73.68,1629300,0.0,0
2018-01-12,73.99,74.77,73.86,74.47,1915700,0.0,0
2018-01-16,75.13,75.47,74.29,74.62,2599100,0.0,0
2018-01-17,74.88,76.09,74.47,75.83,2769600,0.0,0
2018-01-18,75.84,75.84,75.05,75.52,2589000,0.126,0
2018-01-19,75.88,76.1,75.41,75.81,4829600,0.0,0
2018-01-22,75.86,76.76,75.81,76.66,4195100,0.0,0
2018-01-23,76.48,77.49,76.15,76.77,2264100,0.0,0
2018-01-24,77.33,77.68,76.78,77.5,2585300,0.0,0
2018-01-25,77.64,78.54,77.52,78.41,2327300,0.0,0
2018-01-26,78.65,79.28,78.54,79.24,2532800,0.0,0
2018-01-29,78.96,79.1,78.27,78.34,2662400,0.0,0
2018-01-30,77.61,77.86,77.08,77.52,3808700,0.0,0
2018-01-31,77.66,77.94,75.73,75.92,4136400,0.0,0
2018-02-01,76.03,77.44,75.88,77.0,2981800,0.0,0
2018-02-02,76.71,77.29,75.92,75.97,2595200,0.0,0
2018-02-05,75.83,76.1,72.4,73.05,2962000,0.0,0
2018-02-06,71.97,73.77,71.37,72.49,4924300,0.0,0
2018-02-07,71.93,74.21,71.92,73.08,4534900,0.0,0
2018-02-08,73.18,73.77,70.74,70.75,2730000,0.0,0
2018-02-09,71.46,72.11,69.46,71.58,3296500,0.0,0
2018-02-12,72.17,73.26,71.83,72.41,3828000,0.0,0
2018-02-13,72.34,73.01,72.19,72.46,2416200,0.0,0
2018-02-14,72.02,73.78,72.01,73.67,2947800,0.0,0
2018-02-15,78.42,80.54,74.95,77.67,6022200,0.0,0
2018-02-16,77.32,79.23,77.32,78.89,3921100,0.0,0
2018-02-20,78.37,80.61,78.23,79.5,3646700,0.0,0
2018-02-21,79.52,80.91,79.46,79.65,3403100,0.0,0
2018-02-22,80.17,80.81,79.66,79.9,2417700,0.0,0
2018-02-23,80.31,82.05,80.14,81.91,2697200,0.0,0
2018-02-26,82.58,82.58,81.91,82.42,2211700,0.0,0
2018-02-27,82.13,82.49,80.75,80.8,2240900,0.0,0
2018-02-28,81.01,81.61,79.98,80.0,1968200,0.0,0
2018-03-01,80.0,80.71,78.98,79.59,3010300,0.0,0
2018-03-02,79.08,80.64,79.01,80.42,2027200,0.0,0
2018-03-05,80.15,81.7,79.84,81.02,2148500,0.0,0
2018-03-06,81.13,81.27,80.07,80.65,2102700,0.0,0
2018-03-07,80.12,81.09,80.11,80.89,2878600,0.0,0
2018-03-08,81.13,81.97,81.06,81.67,2458100,0.0,0
2018-03-09,82.18,84.15,82.1,83.62,3028700,0.0,0
2018-03-12,83.99,84.05,83.2,83.52,2316300,0.0,0
2018-03-13,84.0,84.63,83.44,83.69,1911500,0.0,0
2018-03-14,84.23,84.57,83.2,83.46,1794700,0.0,0
2018-03-15,83.43,84.45,83.07,83.79,1659200,0.0,0
2018-03-16,84.12,84.51,83.68,83.7,3151600,0.0,0
2018-03-19,82.93,83.43,81.49,82.27,2417800,0.0,0
2018-03-20,82.44,83.89,82.4,83.76,2653400,0.0,0
2018-03-21,83.97,84.82,83.18,83.21,3305400,0.0,0
2018-03-22,82.47,83.24,80.93,81.19,3224400,0.0,0
2018-03-23,81.29,81.92,79.47,79.75,2608000,0.0,0
2018-03-26,81.01,82.98,80.67,82.84,3089900,0.0,0
2018-03-27,83.19,83.56,80.35,80.99,2689900,0.0,0
2018-03-28,81.22,81.68,79.43,80.14,2634500,0.0,0
2018-03-29,80.63,82.63,80.23,82.63,4122900,0.0,0
2018-04-02,82.29,82.41,79.83,80.35,2566000,0.0,0
2018-04-03,80.91,82.3,80.53,81.99,2216500,0.0,0
2018-04-04,80.72,82.18,79.87,81.97,3093300,0.0,0
2018-04-05,82.41,83.44,81.97,82.64,2522000,0.0,0
2018-04-06,81.87,82.24,79.21,80.11,2752300,0.0,0
2018-04-09,80.94,82.11,80.7,81.0,2456700,0.0,0
2018-04-10,82.07,82.59,81.41,82.21,2335000,0.0,0
2018-04-11,81.7,82.63,81.69,82.19,2239700,0.0,0
2018-04-12,82.68,83.49,82.52,83.07,1369500,0.0,0
2018-04-13,83.36,83.54,82.34,82.68,1162600,0.0,0
2018-04-16,83.59,83.95,82.97,83.51,1663000,0.0,0
2018-04-17,84.08,85.03,83.92,84.76,1901000,0.0,0
2018-04-18,84.79,85.46,84.3,85.06,2151300,0.0,0
2018-04-19,84.64,85.1,84.04,84.63,2176100,0.126,0
2018-04-20,84.61,85.14,84.36,84.67,1815200,0.0,0
2018-04-23,84.81,84.98,84.23,84.52,1396200,0.0,0
2018-04-24,85.05,85.11,82.72,83.58,2108700,0.0,0
2018-04-25,83.35,83.8,82.68,83.8,2105600,0.0,0
2018-04-26,84.3,84.48,83.59,83.96,2154600,0.0,0
2018-04-27,84.0,84.43,83.62,84.06,1119200,0.0,0
2018-04-30,84.11,84.22,82.61,82.72,3364500,0.0,0
2018-05-01,82.7,83.27,82.13,82.64,3215600,0.0,0
2018-05-02,76.96,79.71,76.3,79.17,7496500,0.0,0
2018-05-03,79.05,80.15,77.72,79.65,4833600,0.0,0
2018-05-04,79.29,81.08,78.89,80.81,2882000,0.0,0
2018-05-07,80.99,81.71,80.48,81.4,2021800,0.0,0
2018-05-08,81.09,81.74,80.37,81.25,2534400,0.0,0
2018-05-09,81.35,81.81,80.44,81.58,3009300,0.0,0
2018-05-10,82.56,83.6,82.07,82.7,1977600,0.0,0
2018-05-11,82.86,83.7,82.82,83.68,2210400,0.0,0
2018-05-14,83.77,84.39,82.61,83.29,2484500,0.0,0
2018-05-15,82.77,82.95,82.02,82.26,2203100,0.0,0
2018-05-16,81.8,82.41,81.25,82.09,3221300,0.0,0
2018-05-17,82.24,82.34,81.33,82.19,1844900,0.0,0
2018-05-18,81.95,83.89,81.95,83.63,2149500,0.0,0
2018-05-21,84.1,84.66,83.63,84.6,1641300,0.0,0
2018-05-22,84.61,84.86,83.44,83.61,1658900,0.0,0
2018-05-23,83.53,84.22,82.97,84.1,1739300,0.0,0
2018-05-24,84.32,84.78,83.4,83.98,1244900,0.0,0
2018-05-25,84.09,84.27,82.79,82.9,1964000,0.0,0
2018-05-29,82.22,82.66,81.65,82.39,1822100,0.0,0
2018-05-30,83.02,84.51,83.02,83.68,1893200,0.0,0
2018-05-31,83.5,83.88,82.85,82.93,2693700,0.0,0
2018-06-01,83.55,84.65,83.55,84.64,1422300,0.0,0
2018-06-04,84.87,84.99,84.19,84.61,1546400,0.0,0
2018-06-05,84.75,84.98,83.69,83.98,2152100,0.0,0
2018-06-06,84.08,84.82,83.78,84.69,1917800,0.0,0
2018-06-07,85.01,85.19,84.26,84.88,1758500,0.0,0
2018-06-08,84.91,86.59,84.67,85.99,2285100,0.0,0
2018-06-11,86.16,87.35,85.94,86.26,2091900,0.0,0
2018-06-12,86.23,86.74,85.82,86.35,2236000,0.0,0
2018-06-13,86.65,87.15,86.38,86.56,2386200,0.0,0
2018-06-14,86.64,87.44,86.46,87.34,2627800,0.0,0
2018-06-15,86.7,88.43,86.7,88.38,4208500,0.0,0
2018-06-18,87.69,88.36,87.53,88.12,3538900,0.0,0
2018-06-19,87.24,87.62,85.84,86.45,2742800,0.0,0
2018-06-20,86.48,86.77,85.81,86.2,3331800,0.0,0
2018-06-21,86.0,87.0,85.91,86.22,2462300,0.0,0
2018-06-22,86.59,86.76,85.04,85.04,9403200,0.0,0
2018-06-25,85.21,85.56,83.15,83.93,3069500,0.0,0
2018-06-26,84.03,84.41,83.2,83.24,3358900,0.0,0
2018-06-27,83.56,84.47,82.6,82.6,2288100,0.0,0
2018-06-28,82.6,84.5,82.58,84.05,2199500,0.0,0
2018-06-29,84.7,85.62,84.36,84.41,3618500,0.0,0
2018-07-02,84.0,84.89,83.43,84.87,1759000,0.0,0
2018-07-03,85.05,86.16,84.74,85.28,1283500,0.0,0
2018-07-05,85.93,86.0,84.86,85.36,2474600,0.0,0
2018-07-06,85.78,86.3,85.31,86.07,2073600,0.0,0
2018-07-09,86.11,86.91,85.83,86.69,1836800,0.0,0
2018-07-10,86.22,86.54,85.3,85.43,2894800,0.0,0
2018-07-11,85.27,85.37,83.72,83.73,2960500,0.0,0
2018-07-12,84.11,84.93,83.81,84.69,3629000,0.0,0
2018-07-13,84.71,85.5,84.54,85.35,1948300,0.0,0
2018-07-16,85.52,85.52,83.73,83.81,2473300,0.0,0
2018-07-17,83.56,85.28,83.56,84.99,2269600,0.0,0
2018-07-18,84.86,85.29,84.53,85.16,1699800,0.0,0
2018-07-19,84.72,84.96,84.13,84.76,1405800,0.126,0
2018-07-20,84.54,85.25,84.37,84.63,1977600,0.0,0
2018-07-23,84.49,84.51,83.16,83.31,3026900,0.0,0
2018-07-24,83.87,84.34,82.67,82.86,2952500,0.0,0
2018-07-25,82.61,85.12,82.61,84.98,2496200,0.0,0
2018-07-26,85.13,85.49,84.5,84.88,2717400,0.0,0
2018-07-27,84.97,84.99,83.75,84.54,2998200,0.0,0
2018-07-30,84.57,84.74,83.56,83.84,2174900,0.0,0
2018-07-31,84.17,86.08,84.17,85.82,3692500,0.0,0
2018-08-01,85.39,86.5,85.31,85.36,2775900,0.0,0
2018-08-02,85.12,91.09,84.35,90.73,4942800,0.0,0
2018-08-03,90.73,91.28,88.57,90.93,4377700,0.0,0
2018-08-06,91.22,92.14,90.51,91.87,2644900,0.0,0
2018-08-07,92.23,92.31,91.26,91.78,2051900,0.0,0
2018-08-08,91.79,92.85,91.54,92.51,1918000,0.0,0
2018-08-09,92.65,92.95,91.32,91.69,2347000,0.0,0
2018-08-10,91.47,92.0,90.78,90.99,1684600,0.0,0
2018-08-13,91.0,91.74,90.46,90.56,1439300,0.0,0
2018-08-14,90.94,91.19,90.41,90.67,2385100,0.0,0
2018-08-15,90.37,90.58,89.71,90.15,2017300,0.0,0
2018-08-16,90.61,91.38,90.18,90.84,2462400,0.0,0
2018-08-17,90.74,91.08,89.97,90.77,2712500,0.0,0
2018-08-20,90.9,91.88,90.9,91.45,1175900,0.0,0
2018-08-21,91.83,92.26,91.16,91.38,1220400,0.0,0
2018-08-22,88.87,89.71,88.46,88.98,2831000,0.0,0
2018-08-23,89.11,89.51,88.56,88.98,1899800,0.0,0
2018-08-24,89.13,89.51,88.62,88.91,1655600,0.0,0
2018-08-27,89.23,89.34,88.6,88.69,1536900,0.0,0
2018-08-28,88.82,88.89,87.98,88.86,2129900,0.0,0
2018-08-29,88.82,89.41,88.35,89.14,1667100,0.0,0
2018-08-30,89.08,89.81,88.62,89.12,1443000,0.0,0
2018-08-31,89.07,90.07,88.99,89.9,2018400,0.0,0
2018-09-04,90.11,90.51,89.0,89.28,1939000,0.0,0
2018-09-05,89.08,89.08,88.17,88.38,2167200,0.0,0
2018-09-06,88.62,89.28,88.28,89.05,1883500,0.0,0
2018-09-07,88.66,88.97,88.24,88.74,1987000,0.0,0
2018-09-10,89.14,89.37,87.91,88.19,1289600,0.0,0
2018-09-11,87.88,88.2,87.25,87.56,2094600,0.0,0
2018-09-12,87.77,88.34,87.32,88.11,1631100,0.0,0
2018-09-13,88.53,89.2,88.16,89.01,2277900,0.0,0
2018-09-14,89.02,89.03,88.17,88.33,2607900,0.0,0
2018-09-17,88.38,88.59,87.35,87.62,1667200,0.0,0
2018-09-18,87.49,88.8,87.47,88.49,1722300,0.0,0
2018-09-19,88.45,89.0,88.11,88.4,2273400,0.0,0
2018-09-20,89.03,89.8,88.63,89.37,3428300,0.0,0
2018-09-21,89.34,90.23,89.1,89.14,3448400,0.0,0
2018-09-24,88.87,89.28,88.31,88.96,1526200,0.0,0
2018-09-25,89.58,90.17,89.44,89.57,1800500,0.0,0
2018-09-26,89.75,90.63,89.57,89.67,2336200,0.0,0
2018-09-27,89.89,90.8,89.89,90.5,1411300,0.0,0
2018-09-28,90.38,91.08,90.07,90.86,1710900,0.0,0
2018-10-01,91.32,91.36,90.51,90.96,1891200,0.0,0
2018-10-02,90.86,91.38,90.5,91.12,2170100,0.0,0
2018-10-03,91.61,93.58,91.49,92.81,3142100,0.0,0
2018-10-04,92.56,92.78,89.87,90.37,2433800,0.0,0
2018-10-05,90.51,92.23,90.51,91.24,1723500,0.0,0
2018-10-08,90.94,91.79,90.03,90.77,1589200,0.0,0
2018-10-09,90.53,92.31,90.33,91.84,1987900,0.0,0
2018-10-10,92.06,92.11,88.84,88.94,2140900,0.0,0
2018-10-11,89.15,89.47,85.74,86.33,3134500,0.0,0
2018-10-12,87.47,88.58,86.92,88.22,2436700,0.0,0
2018-10-15,89.6,90.28,88.68,89.39,2550900,0.0,0
2018-10-16,90.15,91.25,89.6,91.1,2337600,0.0,0
2018-10-17,91.08,92.27,90.82,92.08,2127100,0.0,0
2018-10-18,91.77,92.23,90.51,91.12,1663700,0.0,0
2018-10-19,91.01,91.97,90.54,90.77,1735400,0.0,0
2018-10-22,91.02,92.22,90.46,92.09,2750200,0.0,0
2018-10-23,90.6,91.67,89.22,90.77,2941800,0.0,0
2018-10-24,90.68,91.7,87.93,88.09,2909600,0.0,0
2018-10-25,88.28,90.42,87.32,89.77,1745300,0.0,0
2018-10-26,88.82,89.37,87.08,88.17,2284700,0.0,0
2018-10-29,89.11,90.57,87.76,88.96,1965600,0.0,0
2018-10-30,88.56,90.35,88.36,89.49,2446800,0.0,0
2018-10-31,90.49,90.79,89.38,89.46,4295600,0.0,0
2018-11-01,93.05,95.83,91.25,93.53,4277000,0.0,0
2018-11-02,93.63,94.57,90.94,92.06,2685300,0.0,0
2018-11-05,92.28,92.55,89.8,92.01,3133100,0.0,0
2018-11-06,92.08,92.28,91.07,92.05,2478900,0.0,0
2018-11-07,92.77,94.73,92.77,94.46,2613700,0.0,0
2018-11-08,94.13,95.16,93.79,94.17,1760900,0.0,0
2018-11-09,93.94,94.78,93.53,94.54,2137700,0.0,0
2018-11-12,94.45,94.84,93.42,93.7,2375400,0.0,0
2018-11-13,94.23,94.85,92.89,93.45,1804700,0.0,0
2018-11-14,93.98,94.26,90.96,91.77,2244100,0.0,0
2018-11-15,91.48,91.48,89.63,90.92,3887900,0.0,0
2018-11-16,90.5,91.95,90.44,91.56,1883000,0.0,0
2018-11-19,91.7,92.11,88.74,89.53,2195800,0.126,0
2018-11-20,88.78,89.52,87.52,87.85,2606200,0.0,0
2018-11-21,88.2,88.77,87.77,88.12,2271100,0.0,0
2018-11-23,87.67,89.67,87.34,88.67,836300,0.0,0
2018-11-26,89.23,89.7,88.27,88.95,1908100,0.0,0
2018-11-27,88.43,89.72,88.28,89.63,1879300,0.0,0
2018-11-28,90.13,92.38,89.76,92.21,3411200,0.0,0
2018-11-29,91.86,92.76,91.38,92.18,1457300,0.0,0
2018-11-30,92.18,93.57,91.87,93.28,3143500,0.0,0
2018-12-03,94.04,94.07,92.45,92.98,1969000,0.0,0
2018-12-04,92.76,93.89,89.94,90.0,2557700,0.0,0
2018-12-06,88.99,89.93,86.95,89.84,3006400,0.0,0
2018-12-07,89.87,90.01,86.96,87.53,1768900,0.0,0
2018-12-10,87.63,88.8,86.75,88.36,1930100,0.0,0
2018-12-11,89.34,89.98,88.42,89.23,1684400,0.0,0
2018-12-12,90.11,91.47,90.09,90.16,1630100,0.0,0
2018-12-13,90.69,91.42,89.98,90.36,1908500,0.0,0
2018-12-14,89.51,89.52,87.36,87.89,2350900,0.0,0
2018-12-17,87.04,87.06,83.68,84.4,3374200,0.0,0
2018-12-18,85.35,85.46,83.13,84.45,2972100,0.0,0
2018-12-19,85.0,85.82,82.17,82.91,2922800,0.0,0
2018-12-20,82.61,83.18,80.94,81.9,2850600,0.0,0
2018-12-21,81.72,83.28,81.03,81.16,4091700,0.0,0
2018-12-24,80.4,80.4,78.4,78.78,1551400,0.0,0
2018-12-26,79.11,82.41,78.64,82.39,1869700,0.0,0
2018-12-27,81.31,83.8,80.67,83.8,2244700,0.0,0
2018-12-28,84.29,85.05,83.02,83.95,1797300,0.0,0
2018-12-31,84.73,85.05,84.06,85.0,1485200,0.0,0
2019-01-02,83.97,84.54,83.22,83.95,2665600,0.0,0
2019-01-03,83.54,83.71,80.85,81.04,2390900,0.0,0
2019-01-04,82.41,84.33,81.99,84.22,3383500,0.0,0
2019-01-07,84.29,86.02,84.29,84.73,2360800,0.0,0
2019-01-08,85.43,86.0,84.53,85.99,2250300,0.0,0
2019-01-09,85.99,86.7,85.49,85.68,3158400,0.0,0
2019-01-10,85.41,85.67,84.6,85.36,1837500,0.0,0
2019-01-11,84.95,85.54,84.71,85.52,1393900,0.0,0
2019-01-14,84.8,85.16,83.88,83.96,1592700,0.0,0
2019-01-15,83.98,85.09,83.58,84.27,2277900,0.0,0
2019-01-16,84.22,84.44,82.61,82.68,3880600,0.0,0
2019-01-17,82.31,84.2,81.9,83.88,2711400,0.164,0
2019-01-18,84.25,84.78,83.21,84.22,3059000,0.0,0
2019-01-22,83.67,84.26,83.09,83.72,2782900,0.0,0
2019-01-23,83.71,84.4,82.87,83.32,2073800,0.0,0
2019-01-24,83.32,83.56,82.44,83.29,2883600,0.0,0
2019-01-25,83.94,84.8,83.8,84.32,4021400,0.0,0
2019-01-28,83.55,83.59,82.6,83.28,2471800,0.0,0
2019-01-29,83.28,84.23,82.7,84.04,1842100,0.0,0
2019-01-30,83.98,85.45,83.98,84.72,2097300,0.0,0
2019-01-31,84.69,85.92,84.27,85.78,2620000,0.0,0
2019-02-01,86.17,87.0,85.5,86.76,2111900,0.0,0
2019-02-04,86.87,87.0,86.23,86.59,1977000,0.0,0
2019-02-05,86.95,87.67,86.44,86.99,3263200,0.0,0
2019-02-06,86.69,87.26,86.23,87.2,1968900,0.0,0
2019-02-07,86.87,86.88,85.32,85.83,1594400,0.0,0
2019-02-08,85.37,86.45,85.02,86.45,2082700,0.0,0
2019-02-11,86.53,86.82,85.48,85.89,3361100,0.0,0
2019-02-12,86.54,87.21,86.26,87.13,2626400,0.0,0
2019-02-13,87.18,88.48,87.18,87.86,3698700,0.0,0
2019-02-14,88.62,93.16,88.26,92.85,5438200,0.0,0
2019-02-15,93.51,95.13,92.51,94.95,3308200,0.0,0
2019-02-19,94.34,94.87,94.15,94.5,2251400,0.0,0
2019-02-20,94.5,94.65,93.26,93.98,2165700,0.0,0
2019-02-21,93.86,93.86,92.72,93.06,1903700,0.0,0
2019-02-22,93.35,94.25,93.35,94.2,1851900,0.0,0
2019-02-25,94.58,94.76,93.83,93.98,1295500,0.0,0
2019-02-26,93.61,94.09,92.93,93.08,1829400,0.0,0
2019-02-27,92.93,93.75,92.74,93.39,1535100,0.0,0
2019-02-28,93.55,94.26,93.43,93.82,2253400,0.0,0
2019-03-01,94.57,95.73,94.1,95.33,2069300,0.0,0
2019-03-04,97.22,97.52,94.85,95.45,2749600,0.0,0
2019-03-05,95.69,95.76,94.92,95.36,2541000,0.0,0
2019-03-06,95.48,95.48,93.21,93.76,2113000,0.0,0
2019-03-07,93.48,93.88,91.85,92.15,4092500,0.0,0
2019-03-08,91.86,92.05,90.81,92.01,2412800,0.0,0
2019-03-11,92.25,94.36,92.15,94.32,2902100,0.0,0
2019-03-12,94.58,95.54,94.35,95.33,2433700,0.0,0
2019-03-13,95.7,97.0,95.44,96.51,2665100,0.0,0
2019-03-14,96.23,96.43,95.71,95.78,1751500,0.0,0
2019-03-15,95.81,96.81,95.33,96.49,2904400,0.0,0
2019-03-18,96.58,97.46,96.57,97.34,2144100,0.0,0
2019-03-19,97.66,98.72,97.66,98.29,1903400,0.0,0
2019-03-20,98.32,98.83,97.38,98.07,1592000,0.0,0
2019-03-21,98.02,99.47,97.8,99.2,1658900,0.0,0
2019-03-22,98.58,98.9,97.45,97.5,1489200,0.0,0
2019-03-25,96.99,98.13,96.82,97.5,1402400,0.0,0
2019-03-26,98.11,98.93,97.91,98.39,1795400,0.0,0
2019-03-27,98.01,98.88,97.68,98.09,1487300,0.0,0
2019-03-28,98.2,99.14,98.16,98.96,2278700,0.0,0
2019-03-29,99.44,100.5,99.27,100.23,2323000,0.0,0
2019-04-01,101.96,102.02,100.85,101.1,2659700,0.0,0
2019-04-02,101.3,101.93,101.13,101.59,1737900,0.0,0
2019-04-03,101.88,102.22,101.14,101.67,1769100,0.0,0
2019-04-04,101.74,101.95,100.2,101.53,2475500,0.0,0
2019-04-05,102.06,102.88,101.24,101.67,1865700,0.0,0
2019-04-08,101.78,102.05,101.26,101.78,1909500,0.0,0
2019-04-09,101.15,101.5,100.75,101.02,1657100,0.0,0
2019-04-10,101.31,101.53,100.78,100.89,1566700,0.0,0
2019-04-11,101.21,101.3,100.31,100.62,1062700,0.0,0
2019-04-12,101.12,101.48,100.48,101.23,1829000,0.0,0
2019-04-15,101.41,101.55,100.73,100.82,1680400,0.0,0
2019-04-16,101.51,101.88,98.62,98.74,2014200,0.0,0
2019-04-17,99.14,99.66,96.63,97.71,2142500,0.164,0
2019-04-18,98.26,98.98,96.84,98.76,3420400,0.0,0
2019-04-22,98.45,99.88,98.37,99.85,2058500,0.0,0
2019-04-23,99.99,101.87,99.33,101.69,2716900,0.0,0
2019-04-24,101.61,101.96,100.76,100.82,2196400,0.0,0
2019-04-25,100.5,101.73,99.74,101.55,1494200,0.0,0
2019-04-26,101.96,103.11,100.88,103.07,2035400,0.0,0
2019-04-29,102.42,102.89,100.61,100.98,3445100,0.0,0
2019-04-30,100.96,101.98,100.36,101.56,2356400,0.0,0
2019-05-01,101.84,102.52,100.73,101.51,2095100,0.0,0
2019-05-02,100.0,102.89,100.0,102.87,2003600,0.0,0
2019-05-03,102.26,103.69,101.72,103.47,1965200,0.0,0
2019-05-06,101.98,103.3,101.91,103.05,1301000,0.0,0
2019-05-07,102.36,102.64,100.31,101.09,1673400,0.0,0
2019-05-08,100.86,101.99,100.86,101.58,1367600,0.0,0
2019-05-09,100.91,102.29,100.71,101.39,1517100,0.0,0
2019-05-10,101.3,102.22,99.77,102.01,1885800,0.0,0
2019-05-13,100.25,101.56,100.04,101.07,1754400,0.0,0
2019-05-14,101.61,102.03,100.93,100.97,1711700,0.0,0
2019-05-15,100.47,102.15,100.38,101.56,1459500,0.0,0
2019-05-16,102.12,103.56,102.02,102.65,1929800,0.0,0
2019-05-17,101.42,102.26,101.08,101.69,2042100,0.0,0
2019-05-20,101.36,102.19,100.96,101.94,1665000,0.0,0
2019-05-21,102.47,103.02,102.01,102.1,1166700,0.0,0
2019-05-22,102.09,103.16,101.56,102.66,1059200,0.0,0
2019-05-23,102.5,102.78,101.68,102.61,1726200,0.0,0
2019-05-24,103.22,104.13,102.02,102.12,1266700,0.0,0
2019-05-28,102.32,103.29,101.12,101.74,4303700,0.0,0
2019-05-29,101.47,101.75,100.4,100.87,1883100,0.0,0
2019-05-30,101.02,102.07,100.96,102.05,1281800,0.0,0
2019-05-31,101.21,102.01,100.29,100.78,1642100,0.0,0
2019-06-03,101.26,104.58,101.26,103.67,3397100,0.0,0
2019-06-04,104.79,107.94,104.57,107.83,3712100,0.0,0
2019-06-05,108.03,109.06,108.01,108.2,3224100,0.0,0
2019-06-06,108.38,110.06,108.1,108.59,3123400,0.0,0
2019-06-07,108.75,110.6,108.75,109.76,1964800,0.0,0
2019-06-10,109.98,110.43,108.8,109.92,2730000,0.0,0
2019-06-11,110.2,111.36,109.23,109.86,1706300,0.0,0
2019-06-12,109.79,111.4,109.79,111.14,1907300,0.0,0
2019-06-13,111.69,111.94,109.3,109.73,1790000,0.0,0
2019-06-14,109.42,111.15,109.21,110.49,1790100,0.0,0
2019-06-17,110.66,110.95,109.74,110.51,1726700,0.0,0
2019-06-18,110.87,113.18,110.42,113.07,2572900,0.0,0
2019-06-19,113.02,114.14,112.72,113.97,2026700,0.0,0
2019-06-20,115.02,116.15,112.5,112.66,3083300,0.0,0
2019-06-21,112.45,113.6,111.6,112.57,3468800,0.0,0
2019-06-24,113.05,113.72,112.16,113.16,1875700,0.0,0
2019-06-25,113.62,115.11,113.41,113.55,1669200,0.0,0
2019-06-26,113.66,114.1,111.37,112.74,1743100,0.0,0
2019-06-27,112.89,113.47,112.27,112.45,1348800,0.0,0
2019-06-28,112.78,113.3,111.97,113.18,2414100,0.0,0
2019-07-01,114.02,114.1,112.78,113.26,1470700,0.0,0
2019-07-02,113.63,114.46,112.9,114.28,1568100,0.0,0
2019-07-03,114.88,115.11,113.96,115.03,1052000,0.0,0
2019-07-05,115.03,115.32,113.6,113.87,1762400,0.0,0
2019-07-08,113.48,114.05,112.99,113.79,1267300,0.0,0
2019-07-09,112.85,114.45,112.44,112.95,2722000,0.0,0
2019-07-10,113.36,115.31,112.87,114.26,1763700,0.0,0
2019-07-11,114.01,114.25,113.02,114.04,1588000,0.0,0
2019-07-12,114.3,114.65,112.12,113.0,1473400,0.0,0
2019-07-15,112.85,113.46,112.2,113.26,1255200,0.0,0
2019-07-16,113.96,114.73,113.16,113.17,1214600,0.0,0
2019-07-17,113.69,114.65,113.26,113.37,1930300,0.0,0
2019-07-18,114.2,115.05,113.87,114.79,1177700,0.164,0
2019-07-19,115.49,115.74,113.86,113.94,1839000,0.0,0
2019-07-22,114.94,116.54,114.07,115.79,3063400,0.0,0
2019-07-23,115.47,115.99,114.29,115.79,1209600,0.0,0
2019-07-24,115.66,115.79,113.89,115.29,1581200,0.0,0
2019-07-25,115.27,115.83,114.32,114.5,1174500,0.0,0
2019-07-26,115.0,115.0,114.31,114.96,1574100,0.0,0
2019-07-29,114.92,115.83,114.25,115.4,1541500,0.0,0
2019-07-30,114.85,115.69,114.16,115.64,1380800,0.0,0
2019-07-31,115.32,116.21,114.21,114.74,2099800,0.0,0
2019-08-01,114.75,116.88,113.87,115.55,2101200,0.0,0
2019-08-02,115.55,116.83,115.27,116.21,2227000,0.0,0
2019-08-05,114.92,115.37,111.73,112.43,3488100,0.0,0
2019-08-06,117.44,121.65,117.33,121.01,4042200,0.0,0
2019-08-07,120.4,121.24,118.41,120.74,2659000,0.0,0
2019-08-08,121.9,124.18,121.34,123.95,2295000,0.0,0
2019-08-09,123.96,125.72,123.76,124.91,1658000,0.0,0
2019-08-12,123.81,124.31,122.11,123.8,1470300,0.0,0
2019-08-13,122.38,125.32,122.38,124.54,1784700,0.0,0
2019-08-14,123.24,124.26,121.42,121.63,1875200,0.0,0
2019-08-15,121.72,123.95,121.37,123.52,1650300,0.0,0
2019-08-16,124.16,125.44,123.81,125.21,1209700,0.0,0
2019-08-19,125.86,127.21,125.49,126.59,1137000,0.0,0
2019-08-20,127.38,128.25,125.78,125.89,1657100,0.0,0
2019-08-21,126.68,127.97,126.04,127.48,1875000,0.0,0
2019-08-22,127.72,127.95,125.36,126.48,2397900,0.0,0
2019-08-23,126.42,127.33,122.26,122.91,2321400,0.0,0
2019-08-26,124.15,126.08,124.09,126.04,1267400,0.0,0
2019-08-27,126.85,127.31,124.59,125.08,2394900,0.0,0
2019-08-28,124.59,126.11,124.3,125.61,1110400,0.0,0
2019-08-29,126.31,126.8,125.04,126.52,1498800,0.0,0
2019-08-30,126.97,127.28,125.5,126.26,1601200,0.0,0
2019-09-03,125.97,127.29,125.82,126.88,1887400,0.0,0
2019-09-04,127.49,127.63,126.42,127.43,1953900,0.0,0
2019-09-05,128.54,128.86,127.55,127.91,1721400,0.0,0
2019-09-06,128.12,129.31,127.7,128.27,1698200,0.0,0
2019-09-09,129.91,129.91,125.63,126.5,2601600,0.0,0
2019-09-10,125.66,125.66,121.45,122.87,3089400,0.0,0
2019-09-11,122.86,124.12,119.86,120.55,3365700,0.0,0
2019-09-12,121.13,122.7,120.91,121.53,2444800,0.0,0
2019-09-13,121.55,122.04,120.09,120.87,3116200,0.0,0
2019-09-16,119.85,120.59,119.37,119.49,2651000,0.0,0
2019-09-17,119.92,122.69,119.92,122.26,2182300,0.0,0
2019-09-18,122.62,123.41,121.83,123.08,1673800,0.0,0
2019-09-19,123.24,124.69,123.16,124.11,1424200,0.0,0
2019-09-20,124.76,125.98,124.48,125.46,2572300,0.0,0
2019-09-23,125.19,126.29,124.11,124.92,1574800,0.0,0
2019-09-24,125.32,126.21,124.4,124.89,1843800,0.0,0
2019-09-25,124.49,125.17,123.74,124.62,1196000,0.0,0
2019-09-26,124.74,126.37,124.74,125.9,1870800,0.0,0
2019-09-27,126.61,126.76,123.27,123.74,1664000,0.0,0
2019-09-30,124.85,125.14,123.72,124.43,1859200,0.0,0
2019-10-01,124.83,125.96,124.37,124.96,1542300,0.0,0
2019-10-02,123.96,125.04,121.41,122.13,1743300,0.0,0
2019-10-03,121.79,124.58,121.74,124.12,1590400,0.0,0
2019-10-04,124.8,127.08,124.8,126.89,1468400,0.0,0
2019-10-07,126.17,126.84,125.63,125.91,1007300,0.0,0
2019-10-08,124.85,126.67,124.16,125.22,1621200,0.0,0
2019-10-09,125.81,126.73,125.06,126.27,1464200,0.0,0
2019-10-10,125.55,128.27,125.46,127.25,1890600,0.0,0
2019-10-11,128.04,129.92,127.89,128.31,2310900,0.0,0
2019-10-14,128.44,128.83,126.1,126.43,1810100,0.0,0
2019-10-15,127.15,130.03,127.07,128.55,2006500,0.0,0
2019-10-16,128.26,128.97,127.35,127.77,1633200,0.0,0
2019-10-17,128.67,128.85,127.77,128.31,1494700,0.0,0
2019-10-18,128.25,129.2,127.5,127.96,2451400,0.0,0
2019-10-21,128.23,128.5,125.85,126.45,1639300,0.164,0
2019-10-22,127.0,127.2,122.45,122.81,2273800,0.0,0
2019-10-23,122.55,123.0,121.04,121.8,2831700,0.0,0
2019-10-24,122.61,124.02,122.52,122.95,2195800,0.0,0
2019-10-25,123.17,124.72,123.11,124.36,1561000,0.0,0
2019-10-28,124.46,125.83,124.24,125.13,1441800,0.0,0
2019-10-29,125.69,127.64,125.69,126.16,1683700,0.0,0
2019-10-30,126.66,127.91,126.05,127.6,2042100,0.0,0
2019-10-31,127.44,128.31,127.13,127.92,1905300,0.0,0
2019-11-01,128.78,129.18,125.26,125.34,2466200,0.0,0
2019-11-04,126.07,126.27,124.31,124.76,1918800,0.0,0
2019-11-05,124.76,124.89,119.81,120.25,4491900,0.0,0
2019-11-06,120.49,121.78,120.04,121.47,3509800,0.0,0
2019-11-07,125.4,126.0,120.14,121.03,3945400,0.0,0
2019-11-08,120.82,121.75,116.31,117.86,3818900,0.0,0
2019-11-11,117.29,118.15,116.29,117.03,2035200,0.0,0
2019-11-12,116.63,118.05,116.1,117.2,2131400,0.0,0
2019-11-13,116.99,117.74,115.89,116.45,2452600,0.0,0
2019-11-14,116.15,117.15,114.96,116.25,1958500,0.0,0
2019-11-15,116.72,117.92,116.21,117.92,3429200,0.0,0
2019-11-18,117.58,120.49,117.58,118.8,3023100,0.0,0
2019-11-19,119.01,120.53,118.57,120.33,2349500,0.0,0
2019-11-20,120.33,121.24,118.79,119.56,2142900,0.0,0
2019-11-21,119.86,121.07,119.39,120.22,1654500,0.0,0
2019-11-22,120.41,121.06,119.18,119.81,1627700,0.0,0
2019-11-25,120.74,121.97,120.0,120.61,1774400,0.0,0
2019-11-26,120.91,122.0,120.25,121.89,3688700,0.0,0
2019-11-27,122.14,122.92,120.94,121.63,1443300,0.0,0
2019-11-29,121.29,121.82,120.1,120.52,1064400,0.0,0
2019-12-02,120.87,121.5,118.81,119.91,2050400,0.0,0
2019-12-03,119.64,120.79,119.26,120.53,2115200,0.0,0
2019-12-04,121.01,121.92,119.63,119.74,2566500,0.0,0
2019-12-05,119.2,120.26,118.0,120.11,2460239,0.0,0
